Cantidad_plantas,Pileta,Apto_credito,antiguedad,dormitorios,cocheras,baños,ambientes,m2_totales,m2_cubiertos,expenses,price,vivienda,latitud,longitud,precio_m2_cercano
1,no,no,16.0,4.0,1.0,3.0,5.0,344.0,290.0,,590000.0,Casa,-34.4003895,-58.653931,1686.5671641791046
1,no,no,40.0,3.0,1.0,1.0,4.0,78.0,74.0,170000.0,152000.0,Departamento,-34.4925042,-58.5289983,
2,sí,no,1.0,3.0,1.0,3.0,4.0,927.0,207.0,400000.0,380000.0,Casa,-34.34905,-58.79308,415.0366300366301
1,no,no,0.0,5.0,2.0,7.0,7.0,486.0,417.0,,459900.0,Casa,-34.0,-64.0,1257.227048554579
1,no,no,50.0,3.0,1.0,2.0,4.0,144.0,144.0,250000.0,180000.0,Departamento,-31.4135,-64.18105,719.496229027119
1,no,no,50.0,1.0,,1.0,2.0,72.0,47.0,,135000.0,PH,-34.54969,-58.48572,2088.282089294935
1,no,no,9.0,2.0,1.0,2.0,3.0,69.0,69.0,,188000.0,Casa,-34.50936,-58.519579,1300.0
1,no,no,0.0,1.0,,1.0,2.0,63.0,45.0,,194000.0,Departamento,-34.54955,-58.46684,2917.6667850088998
1,no,no,40.0,4.0,3.0,4.0,,610.0,470.0,,360000.0,Casa,-32.94682,-60.63932,1363.6576873105514
1,no,no,1.0,4.0,,3.0,5.0,1020.0,210.0,500000.0,430000.0,Casa,-31.61689,-61.93256,892.5025746652935
1,no,no,20.0,2.0,,1.0,3.0,62.0,57.0,,177000.0,Departamento,,,
1,no,no,3.0,2.0,2.0,1.0,,128.0,76.0,,110000.0,Casa,-31.389976,-64.2576766,
1,no,no,50.0,2.0,,1.0,3.0,72.0,52.0,,130000.0,PH,-34.5857544,-58.4936798,1795.5289844913107
1,no,no,8.0,,,1.0,1.0,41.0,38.0,70000.0,45000.0,Departamento,-34.0,-64.0,1242.1005806232329
1,no,no,5.0,3.0,,1.0,4.0,186.0,88.0,,129500.0,PH,-34.600734,-58.570615,1215.444202372307
1,no,no,0.0,3.0,1.0,1.0,4.0,323.0,100.0,,175000.0,Casa,-34.0,-64.0,1297.6771116207408
1,no,no,12.0,3.0,3.0,3.0,4.0,202.0,174.0,,270000.0,Casa,-34.6418643,-58.668896,642.2289173149313
1,no,no,0.0,1.0,,1.0,2.0,61.0,52.0,,234000.0,Departamento,-34.5627,-58.45829,2492.4016287956847
1,no,no,46.0,2.0,1.0,1.0,3.0,47.0,47.0,140000.0,140000.0,Departamento,-34.58856,-58.43053,3060.240398226282
1,no,no,70.0,4.0,,3.0,6.0,190.0,170.0,,345000.0,Casa,-34.6042823,-58.4469588,2266.759717916176
1,no,no,10.0,2.0,1.0,1.0,3.0,90.0,80.0,60000.0,140000.0,Departamento,,,
1,no,no,16.0,3.0,1.0,2.0,5.0,468.0,167.0,303600.0,245000.0,PH,-31.4135,-64.18105,864.7953743262644
1,no,no,0.0,3.0,1.0,2.0,4.0,165.0,127.0,,340000.0,Casa,-32.94682,-60.63932,1216.6134746925684
1,no,no,0.0,1.0,,1.0,2.0,42.0,42.0,,58100.0,Departamento,-31.38945,-64.17566,
1,no,no,35.0,3.0,2.0,3.0,4.0,286.0,219.0,,290000.0,Departamento,-31.4135,-64.18105,766.6990262299163
1,no,no,0.0,,,1.0,1.0,42.0,35.0,16030.0,78000.0,Departamento,-34.62264,-58.44104,2483.578936989784
1,no,no,3.0,2.0,1.0,1.0,3.0,71.0,58.0,,195000.0,Departamento,-34.60001,-58.44735,2173.690777960654
1,no,no,0.0,,,1.0,1.0,40.0,40.0,112000.0,149000.0,Departamento,,,
1,no,no,60.0,1.0,,1.0,2.0,50.0,46.0,90000.0,59000.0,Departamento,,,
1,no,no,44.0,3.0,1.0,2.0,6.0,200.0,150.0,,147000.0,Casa,-31.4492883,-64.212081,
1,no,no,50.0,1.0,,1.0,2.0,55.0,43.0,120000.0,110000.0,Departamento,-34.5656222,-58.4466359,2580.105384314158
1,no,no,13.0,5.0,1.0,3.0,6.0,250.0,250.0,,360000.0,Casa,-31.61689,-61.93256,383.2868883907837
1,no,no,0.0,3.0,,3.0,4.0,250.0,130.0,,585000.0,Departamento,-34.60064,-58.51231,2473.070415666267
1,no,no,0.0,4.0,4.0,3.0,6.0,590.0,180.0,,265000.0,Casa,,,
1,no,no,,3.0,2.0,2.0,4.0,553.0,118.0,250000.0,175000.0,Casa,-34.37079,-58.86977,
1,no,no,10.0,4.0,2.0,3.0,5.0,315.0,240.0,,285000.0,Casa,-34.6614447,-58.5964811,
1,no,no,0.0,,,1.0,1.0,33.0,33.0,,65000.0,Departamento,-32.9395406,-60.6378845,1251.3279269070204
1,no,no,0.0,3.0,2.0,2.0,3.0,410.0,134.0,,265000.0,Casa,-34.0,-64.0,1287.222531842745
1,no,no,12.0,4.0,1.0,2.0,5.0,460.0,200.0,,280000.0,Casa,-34.4801344,-58.6289255,
1,no,no,40.0,3.0,1.0,1.0,5.0,84.0,73.0,,129000.0,Departamento,,,
1,no,no,6.0,2.0,,2.0,3.0,149.0,88.0,304000.0,360000.0,Departamento,-34.591045,-58.3948652,3034.3171752262333
1,no,no,20.0,4.0,2.0,2.0,5.0,190.0,190.0,,280000.0,Casa,-34.6082642,-58.695997,1107.9923176104398
1,no,no,0.0,3.0,2.0,2.0,3.0,158.0,123.0,,294300.0,Casa,-34.65582,-58.65836,1267.8652095226093
1,no,no,0.0,3.0,2.0,2.0,4.0,281.0,157.0,,250000.0,Casa,-34.6392618,-58.6568776,703.0565436912166
1,no,no,0.0,3.0,1.0,1.0,4.0,250.0,180.0,,270000.0,Casa,-34.65582,-58.65836,1346.1310323074192
1,no,no,0.0,3.0,2.0,2.0,4.0,250.0,150.0,,270000.0,Casa,-34.65582,-58.65836,1346.1310323074192
1,no,no,25.0,3.0,3.0,3.0,4.0,260.0,200.0,,239000.0,Casa,-34.644591,-58.6585425,736.6202903597294
1,no,no,20.0,3.0,,3.0,4.0,160.0,160.0,,250000.0,Casa,-34.6399741,-58.657074,688.4771070591366
1,no,no,20.0,3.0,2.0,4.0,4.0,220.0,180.0,,249900.0,Casa,,,
1,no,no,30.0,3.0,2.0,2.0,4.0,177.0,177.0,,235000.0,Casa,-34.0,-64.0,1219.0883166022875
1,no,no,0.0,3.0,2.0,3.0,,250.0,150.0,,270000.0,Casa,-34.0,-64.0,1243.8566781842085
1,no,no,0.0,3.0,1.0,2.0,4.0,181.0,127.0,,265000.0,Casa,-34.65582,-58.65836,1307.7221925284136
1,no,no,0.0,3.0,2.0,2.0,4.0,200.0,125.0,,250000.0,Casa,-34.6071119,-58.6848208,732.5736478175145
1,no,no,10.0,3.0,1.0,3.0,4.0,200.0,120.0,,240000.0,Casa,-34.65582,-58.65836,1334.1310323074192
1,no,no,30.0,3.0,3.0,2.0,4.0,200.0,200.0,,245000.0,Casa,-34.65582,-58.65836,1296.9881751645623
2,sí,no,35.0,4.0,3.0,3.0,5.0,173.0,147.0,,265000.0,Casa,-34.6291193,-58.6711001,1120.0829548121585
1,no,no,20.0,2.0,2.0,2.0,3.0,166.0,166.0,,300000.0,Casa,-34.6529778,-58.6684284,1296.9881751645623
1,no,no,10.0,3.0,,2.0,4.0,250.0,150.0,,250000.0,Casa,-34.0,-64.0,1251.8566781842085
1,no,no,0.0,3.0,1.0,3.0,4.0,250.0,150.0,,270000.0,Casa,-34.65582,-58.65836,1346.1310323074192
1,no,no,15.0,3.0,,2.0,4.0,196.0,132.0,,245000.0,Casa,-34.0,-64.0,1226.8566781842085
1,no,no,24.0,3.0,2.0,2.0,4.0,155.0,140.0,,249000.0,Casa,-34.6143283,-58.6787946,728.7394414005514
1,no,no,20.0,4.0,2.0,2.0,5.0,1032.0,180.0,,310000.0,Casa,-32.94682,-60.63932,1392.635321063252
1,no,no,0.0,1.0,1.0,1.0,2.0,203.0,51.0,,180000.0,Casa,,,
1,no,no,20.0,1.0,,1.0,2.0,45.0,41.0,267000.0,141900.0,Departamento,-34.5529006,-58.4668737,2969.580268350954
1,no,no,40.0,3.0,1.0,2.0,5.0,268.0,140.0,,109999.0,Casa,-31.4135,-64.18105,887.4074230569698
1,no,no,0.0,3.0,2.0,2.0,4.0,169.0,156.0,800000.0,570000.0,Departamento,-34.58333,-58.4,2641.355566077157
1,no,no,40.0,2.0,1.0,2.0,4.0,139.0,127.0,400000.0,350000.0,Departamento,-34.58856,-58.43053,3106.314177500735
1,no,no,80.0,5.0,1.0,4.0,11.0,532.0,502.0,,265000.0,Casa,-32.942036,-60.6490132,1600.1286449399659
1,no,no,12.0,4.0,8.0,3.0,5.0,620.0,200.0,620000.0,445000.0,Casa,-34.41427,-58.65171,1480.0104028410517
1,no,no,0.0,3.0,,2.0,4.0,115.0,102.0,,330393.0,Departamento,-34.60001,-58.44735,2161.0404044150323
1,no,no,0.0,3.0,,3.0,4.0,163.0,136.0,,557400.0,Departamento,-34.62264,-58.44104,2440.799957332051
1,no,no,0.0,3.0,2.0,2.0,5.0,180.0,180.0,175000.0,260000.0,Casa,-32.47661,-61.58041,
1,no,no,25.0,2.0,2.0,2.0,4.0,105.0,105.0,500000.0,400000.0,Departamento,-34.5732377,-58.4291075,3138.5580870279146
1,no,no,50.0,2.0,,1.0,3.0,64.0,58.0,25000.0,65000.0,Departamento,-34.92145,-57.95453,721.7774016715094
1,no,no,0.0,1.0,1.0,1.0,2.0,67.0,67.0,9000.0,70000.0,Departamento,,,
1,no,no,0.0,3.0,1.0,3.0,4.0,230.0,159.0,,265000.0,Casa,-34.49007,-58.83109,1056.6037735849056
1,no,no,0.0,2.0,,2.0,3.0,110.0,110.0,,318000.0,Departamento,-32.9310442,-60.6562262,2303.812544045102
1,no,no,3.0,2.0,,1.0,3.0,76.0,61.0,84000.0,140000.0,Departamento,-34.57072,-58.52436,
1,no,no,10.0,1.0,,1.0,1.0,33.0,29.0,100000.0,75000.0,Departamento,-34.63814,-58.50273,1089.6167116711672
1,no,no,0.0,1.0,1.0,1.0,2.0,40.0,34.0,,99000.0,Departamento,-34.84787,-58.52869,892.3456790123456
1,no,no,50.0,3.0,,2.0,4.0,166.0,140.0,35000.0,195000.0,PH,-34.61032,-58.39766,1546.376811594203
1,no,no,0.0,,,1.0,1.0,32.0,28.0,80000.0,87300.0,Departamento,-34.60001,-58.44735,2175.5261652845975
1,no,no,0.0,2.0,,1.0,3.0,58.0,55.0,,164200.0,Departamento,-34.54955,-58.46684,2953.142584524108
1,no,no,0.0,2.0,1.0,2.0,3.0,95.0,85.0,,280000.0,Departamento,-38.00228,-57.55754,1797.617245881735
1,no,no,35.0,4.0,3.0,3.0,5.0,173.0,147.0,,265000.0,Casa,-34.6291193,-58.6711001,1120.0829548121585
1,no,no,,2.0,1.0,3.0,5.0,163.0,134.0,,230000.0,Casa,-34.6276756,-58.6737682,1110.7589942060117
1,no,no,0.0,3.0,2.0,3.0,4.0,150.0,120.0,,215000.0,Casa,-34.6151483,-58.6955896,1218.1181617099282
1,no,no,,3.0,2.0,3.0,4.0,110.0,110.0,,230000.0,Casa,-34.6217408,-58.6995709,920.8198379034269
1,no,no,14.0,3.0,1.0,2.0,5.0,137.0,137.0,607000.0,250000.0,Casa,-34.0,-64.0,1169.3749263593909
1,no,no,14.0,2.0,1.0,2.0,4.0,180.0,120.0,350000.0,230000.0,Casa,-34.65582,-58.65836,1326.3532545296416
2,no,no,20.0,3.0,2.0,2.0,5.0,150.0,300.0,,250000.0,Casa,-34.0,-64.0,1185.1900115175417
1,no,no,50.0,4.0,1.0,2.0,5.0,150.0,150.0,,300000.0,Casa,-34.65582,-58.65836,1296.9881751645623
1,no,no,0.0,3.0,,1.0,4.0,130.0,100.0,,210000.0,Casa,-34.65582,-58.65836,1296.9881751645623
1,no,no,40.0,3.0,2.0,2.0,4.0,200.0,160.0,,230000.0,Casa,-34.65582,-58.65836,1339.1310323074192
1,no,no,15.0,3.0,1.0,2.0,4.0,146.0,146.0,,280000.0,Casa,-34.6110155,-58.7043033,1027.3867279363615
1,no,no,8.0,3.0,2.0,3.0,4.0,160.0,160.0,,250000.0,Casa,-34.6266443,-58.6902047,638.543966151582
1,no,no,13.0,3.0,1.0,3.0,4.0,131.0,131.0,,280000.0,Casa,-34.0,-64.0,1138.1162201689413
1,no,no,0.0,3.0,2.0,3.0,4.0,180.0,180.0,,270000.0,Casa,-34.0,-64.0,1138.1162201689413
1,no,no,,4.0,2.0,4.0,5.0,160.0,160.0,,210000.0,Casa,-34.65582,-58.65836,1296.9881751645623
1,no,no,50.0,2.0,1.0,1.0,3.0,200.0,80.0,,230000.0,Casa,-34.65582,-58.65836,1296.9881751645623
1,no,no,15.0,3.0,2.0,2.0,4.0,180.0,180.0,350000.0,295000.0,Casa,-34.6276756,-58.6737682,1085.4427781944992
1,no,no,0.0,3.0,2.0,1.0,4.0,570.0,90.0,,110000.0,Casa,-34.6704848,-58.4218711,
1,no,no,13.0,3.0,1.0,2.0,4.0,203.0,103.0,,133000.0,Casa,-32.9276874,-60.7280701,
1,no,no,9.0,1.0,,1.0,1.0,34.0,31.0,86300.0,73000.0,Departamento,-34.61237,-58.38341,1546.376811594203
1,no,no,0.0,3.0,2.0,2.0,5.0,850.0,162.0,550000.0,210000.0,Casa,-35.27369,-58.40378,
1,no,no,0.0,2.0,,2.0,3.0,79.0,72.0,216000.0,239000.0,Departamento,-34.5211169,-58.4854444,1954.2124542124543
1,no,no,19.0,2.0,,1.0,3.0,61.0,61.0,75000.0,119900.0,Departamento,-38.0048213,-57.5453572,
1,no,no,8.0,2.0,1.0,1.0,3.0,105.0,62.0,,70000.0,Casa,,,
1,no,no,3.0,4.0,2.0,4.0,7.0,247.0,247.0,,445000.0,Casa,-34.3507607,-58.756892,
1,no,no,80.0,2.0,,2.0,3.0,76.0,76.0,100000.0,189000.0,PH,-34.5924769,-58.4111395,2485.280400992084
1,no,no,2.0,3.0,4.0,3.0,4.0,800.0,220.0,,470000.0,Casa,-33.85,-66.38333,380.24995141405253
1,no,no,50.0,2.0,1.0,,3.0,150.0,108.0,,55000.0,Casa,-34.0,-64.0,1138.1162201689413
1,no,no,45.0,2.0,1.0,2.0,3.0,87.0,79.0,160000.0,165000.0,Departamento,-34.5849742,-58.5085297,1753.899537343027
1,no,no,4.0,2.0,,2.0,3.0,90.0,80.0,,232000.0,Departamento,-34.5979571,-58.410972,2397.732300725744
1,no,no,15.0,3.0,1.0,2.0,4.0,110.0,96.0,300000.0,159999.0,Departamento,-34.6083534,-58.5522925,
1,no,no,0.0,3.0,,2.0,4.0,133.0,102.0,38000.0,439000.0,Departamento,-34.54955,-58.46684,2886.040099246876
1,no,no,30.0,1.0,,1.0,2.0,37.0,37.0,,48000.0,Departamento,-34.5861782,-58.5756006,349.75
1,no,no,38.0,3.0,1.0,3.0,4.0,145.0,126.0,495600.0,420000.0,Departamento,-34.5627,-58.45829,2458.2010018364376
1,no,no,30.0,4.0,2.0,5.0,6.0,476.0,283.0,,250000.0,Casa,-34.5864498,-58.6209271,
1,no,no,8.0,3.0,,2.0,4.0,980.0,192.0,600.0,235000.0,Casa,-33.85,-66.38333,429.9219630758601
1,no,no,0.0,4.0,2.0,2.0,5.0,207.0,207.0,300000.0,399999.0,Casa,-34.87835,-58.51054,300.4926108374384
1,no,no,8.0,1.0,1.0,2.0,2.0,85.0,64.0,,206000.0,Departamento,,,
1,no,no,0.0,,,1.0,2.0,41.0,41.0,,121700.0,Departamento,-34.5753591,-58.4401511,2511.3361852097873
1,no,no,0.0,3.0,2.0,3.0,4.0,188.0,170.0,,340300.0,Casa,-34.65582,-58.65836,1273.120394009547
1,no,no,20.0,3.0,2.0,2.0,5.0,150.0,300.0,,250000.0,Casa,-34.0,-64.0,1138.1162201689413
1,no,no,21.0,3.0,,2.0,4.0,194.0,169.0,,349000.0,Casa,-34.0,-64.0,1138.1162201689413
2,no,no,0.0,3.0,2.0,2.0,4.0,250.0,150.0,,270000.0,Casa,-34.65582,-58.65836,1296.9881751645623
1,no,no,15.0,3.0,3.0,2.0,4.0,257.0,180.0,,350000.0,Casa,-34.6484981,-58.665264,772.5109410810229
1,no,no,8.0,3.0,2.0,3.0,4.0,240.0,140.0,,250000.0,Casa,-34.65582,-58.65836,1296.9881751645623
1,no,no,,3.0,2.0,3.0,4.0,180.0,180.0,,230000.0,Casa,-34.65582,-58.65836,1296.9881751645623
1,no,no,2.0,3.0,2.0,3.0,3.0,140.0,110.0,,220000.0,Casa,-34.65582,-58.65836,1296.9881751645623
1,no,no,18.0,3.0,1.0,3.0,4.0,182.0,142.0,,270000.0,Casa,-34.0,-64.0,1138.1162201689413
1,no,no,15.0,2.0,,1.0,3.0,50.0,50.0,,52000.0,Departamento,-34.6518233,-58.5709259,2833.3333333333335
1,no,no,50.0,2.0,,1.0,3.0,58.0,54.0,89000.0,85000.0,Departamento,-34.6256377,-58.4040121,2581.7763157894738
1,no,no,7.0,2.0,,1.0,3.0,85.0,52.0,,155000.0,PH,-34.58333,-58.5,1816.2912053506784
1,no,no,0.0,4.0,2.0,3.0,6.0,250.0,210.0,,415000.0,Casa,,,
1,no,no,0.0,4.0,4.0,4.0,5.0,860.0,240.0,500000.0,296000.0,Casa,-33.85,-66.38333,415.0090876266771
1,no,no,17.0,4.0,4.0,3.0,5.0,300.0,240.0,390000.0,340000.0,Casa,46.40624,14.65911,
1,no,no,50.0,2.0,,1.0,3.0,54.0,54.0,30000.0,115000.0,Departamento,-34.57365,-58.44924,2520.483047507619
1,no,no,3.0,3.0,2.0,3.0,4.0,230.0,190.0,,460000.0,Departamento,-31.35722,-64.25291,
1,no,no,0.0,2.0,2.0,2.0,4.0,140.0,111.0,,320000.0,Departamento,-31.3663414,-64.2565074,1756.7567567567567
1,no,no,60.0,3.0,,2.0,4.0,132.0,88.0,15000.0,249000.0,PH,-34.599635,-58.425209,2289.126061070387
1,no,no,,2.0,,1.0,3.0,82.0,56.0,221879.0,162500.0,Departamento,-34.58856,-58.43053,3159.9420069444973
1,no,no,50.0,3.0,,2.0,4.0,134.0,134.0,240000.0,250000.0,Departamento,-34.5921433,-58.3943165,2662.837379395238
1,no,no,10.0,2.0,2.0,2.0,3.0,82.0,68.0,118000.0,188000.0,Departamento,-34.5952,-58.48138,1418.4731934731935
1,no,no,37.0,2.0,,1.0,3.0,66.0,58.0,45000.0,89900.0,Departamento,-34.6029405,-58.540245,
1,no,no,30.0,2.0,,2.0,3.0,134.0,75.0,,55000.0,PH,,,
1,no,no,0.0,3.0,1.0,3.0,4.0,150.0,110.0,100000.0,410000.0,Departamento,-34.54955,-58.46684,2967.0998915848636
1,no,no,0.0,1.0,,1.0,2.0,60.0,53.0,,75000.0,Departamento,,,
1,no,no,24.0,,,1.0,1.0,22.0,22.0,,38900.0,Departamento,-32.9350778,-60.6476779,1789.2111185133622
1,no,no,0.0,2.0,,3.0,3.0,103.0,88.0,,242121.0,Departamento,,,
1,no,no,0.0,1.0,,1.0,2.0,54.0,48.0,,54000.0,Departamento,-31.4135,-64.18105,769.496229027119
1,no,no,10.0,4.0,1.0,4.0,5.0,300.0,300.0,,250000.0,Casa,-34.651496,-58.556644,891.8918918918919
1,no,no,38.0,3.0,1.0,2.0,5.0,200.0,100.0,430000.0,245000.0,Departamento,-34.5627,-58.45829,2625.3561742502307
1,no,no,0.0,3.0,2.0,3.0,4.0,180.0,180.0,,270000.0,PH,-27.6007447,-56.6942009,440.0
1,no,no,10.0,3.0,,2.0,4.0,250.0,150.0,500000.0,270000.0,Casa,-34.0,-64.0,1138.1162201689413
1,no,no,35.0,4.0,,3.0,5.0,201.0,151.0,,290000.0,Casa,-34.6203437,-58.6772161,1034.728924657435
1,no,no,2.0,3.0,1.0,3.0,4.0,156.0,134.0,60000.0,259000.0,Casa,-34.6151483,-58.6955896,1195.4258540176206
1,no,no,18.0,3.0,,3.0,4.0,200.0,200.0,,295000.0,Casa,-34.6276756,-58.6737682,1103.652654737709
1,no,no,,4.0,1.0,3.0,5.0,210.0,210.0,,285000.0,Casa,-34.6545658,-58.6731083,750.8364028110564
1,no,no,24.0,4.0,1.0,2.0,6.0,203.0,200.0,,290000.0,Casa,-34.6056927,-58.6869968,790.4182593463364
1,no,no,,3.0,,3.0,4.0,220.0,220.0,,280000.0,Casa,-34.6201872,-58.7039955,959.3046863882753
1,no,no,4.0,3.0,2.0,3.0,4.0,180.0,176.0,,250000.0,Casa,-34.6425133,-58.7027977,409.8360655737705
1,no,no,0.0,3.0,1.0,3.0,4.0,260.0,155.0,,270000.0,Casa,,,
1,no,no,0.0,3.0,4.0,3.0,4.0,250.0,150.0,,270000.0,Casa,-34.6518152,-58.6610657,1296.9881751645623
1,no,no,40.0,4.0,,2.0,5.0,226.0,90.0,,106000.0,PH,-34.67907,-58.47263,
1,no,no,0.0,5.0,2.0,4.0,6.0,890.0,270.0,,397000.0,Casa,,,
1,no,no,0.0,,,1.0,1.0,35.0,31.0,,55000.0,Departamento,-34.7278678,-58.39603,
1,no,no,40.0,1.0,,1.0,2.0,30.0,30.0,100000.0,59900.0,Departamento,-34.6,-58.4151,2321.4482052220146
1,no,no,9.0,3.0,1.0,3.0,4.0,98.0,86.0,239000.0,275000.0,Departamento,-34.5771633,-58.4468938,2489.28109313915
1,no,no,0.0,1.0,,1.0,2.0,60.0,48.0,,96000.0,Departamento,-34.6357198,-58.363864,
1,no,no,0.0,3.0,1.0,4.0,7.0,235.0,176.0,,295000.0,Casa,-32.9426605,-60.6695652,2614.705882352941
1,no,no,23.0,3.0,1.0,2.0,5.0,249.0,175.0,,230000.0,Casa,,,
1,no,no,0.0,3.0,3.0,3.0,4.0,240.0,160.0,,199000.0,Casa,-34.6474667,-58.5976392,
1,no,no,0.0,,,1.0,1.0,34.0,30.0,,56000.0,Departamento,-32.94682,-60.63932,1257.9681984002332
1,no,no,95.0,3.0,4.0,4.0,6.0,524.0,260.0,,299000.0,Casa,-32.8770277,-60.6917054,
1,no,no,17.0,2.0,1.0,2.0,3.0,125.0,118.0,703011.0,550000.0,Departamento,-34.60944,-58.36186,4913.194901785166
1,no,no,84.0,3.0,1.0,3.0,6.0,157.0,157.0,517000.0,558000.0,Departamento,-34.58333,-58.4,2623.219659847179
1,no,no,7.0,3.0,1.0,2.0,5.0,442.0,360.0,,490000.0,Casa,-34.5317428,-58.4994775,2831.1688311688313
1,no,no,0.0,3.0,,3.0,4.0,125.0,95.0,,295000.0,Departamento,-34.6396115,-58.5174594,2207.5471698113206
1,no,no,60.0,2.0,,1.0,3.0,80.0,65.0,,99000.0,PH,,,
1,no,no,16.0,1.0,,1.0,2.0,68.0,55.0,,159000.0,Departamento,-34.6068707,-58.4984149,2333.3333333333335
1,no,no,10.0,3.0,2.0,3.0,5.0,800.0,253.0,,450000.0,Casa,-34.0,-64.0,1138.1162201689413
1,no,no,10.0,3.0,1.0,3.0,4.0,323.0,162.0,,285000.0,Casa,-34.651806,-58.6677717,1296.9881751645623
1,no,no,1.0,3.0,5.0,3.0,,310.0,230.0,,300000.0,Casa,-34.0,-64.0,1138.1162201689413
1,no,no,0.0,3.0,,2.0,4.0,300.0,130.0,,275000.0,Casa,-34.65582,-58.65836,1296.9881751645623
1,no,no,10.0,3.0,,1.0,4.0,329.0,200.0,,285000.0,Casa,-34.65582,-58.65836,1296.9881751645623
1,no,no,0.0,3.0,2.0,3.0,4.0,300.0,160.0,,240000.0,Casa,-34.6151483,-58.6955896,1281.4514950432617
1,no,no,10.0,3.0,,2.0,4.0,300.0,175.0,175000.0,249000.0,Casa,-34.6109497,-58.6801137,757.0273515212181
1,no,no,35.0,3.0,,,4.0,300.0,300.0,,255000.0,Casa,-34.6214434,-58.7153731,538.0424746075715
1,no,no,,4.0,6.0,2.0,5.0,259.0,180.0,,250000.0,Casa,-34.65582,-58.65836,1357.6059357823228
1,no,no,4.0,3.0,1.0,2.0,4.0,293.0,120.0,,280000.0,Casa,-34.6486275,-58.6837842,667.8228987228225
1,no,no,0.0,3.0,2.0,2.0,6.0,323.0,170.0,,260000.0,Casa,-34.6056927,-58.6869968,852.7800461663276
1,no,no,,3.0,2.0,3.0,4.0,200.0,180.0,,250000.0,Casa,-34.6201872,-58.7039955,961.5774136610028
1,no,no,30.0,4.0,1.0,3.0,5.0,285.0,190.0,,247000.0,Casa,-34.65582,-58.65836,1296.9881751645623
1,no,no,15.0,3.0,,2.0,4.0,305.0,180.0,1.0,295000.0,Casa,-34.65582,-58.65836,1296.9881751645623
1,no,no,2.0,3.0,1.0,3.0,4.0,214.0,119.0,250000.0,360000.0,Departamento,-34.0,-64.0,1138.1162201689413
1,no,no,40.0,3.0,1.0,3.0,8.0,148.0,125.0,,230000.0,Departamento,-32.94682,-60.63932,1267.268675347769
1,no,no,0.0,2.0,,1.0,3.0,81.0,60.0,,147000.0,PH,-34.653354,-58.521147,
1,no,no,35.0,3.0,1.0,3.0,5.0,370.0,250.0,,330000.0,Casa,-34.6486215,-58.5542092,833.3333333333334
1,no,no,10.0,2.0,1.0,2.0,3.0,80.0,68.0,850000.0,430000.0,Departamento,-34.5709464,-58.4302321,2825.4628489326765
1,no,no,0.0,3.0,2.0,3.0,5.0,650.0,260.0,,340000.0,Casa,,,
1,no,no,15.0,2.0,,1.0,3.0,285.0,85.0,,75000.0,Casa,-32.94682,-60.63932,1396.3582912794902
1,no,no,0.0,2.0,,1.0,3.0,146.0,80.0,,180000.0,PH,-34.5226821,-58.5095256,
1,no,no,0.0,1.0,1.0,2.0,1.0,85.0,65.0,,140000.0,Departamento,,,
1,no,no,0.0,1.0,,1.0,2.0,58.0,58.0,,98000.0,Departamento,-40.7615414,-71.647619,
1,no,no,47.0,4.0,2.0,4.0,5.0,191.0,167.0,832000.0,530000.0,Departamento,-34.5835051,-58.4135288,2996.3788967722962
1,no,no,0.0,1.0,,1.0,2.0,57.0,45.0,,170535.0,Departamento,-34.62264,-58.44104,2483.578936989784
1,no,no,0.0,2.0,,2.0,3.0,138.0,56.0,,206000.0,Departamento,-34.60948,-58.39225,1640.5858729033782
1,no,no,25.0,3.0,2.0,3.0,5.0,1024.0,302.0,494000.0,330000.0,Casa,-34.45761,-58.91385,887.492377176274
1,no,no,7.0,1.0,1.0,1.0,2.0,49.0,43.0,84000.0,115000.0,Departamento,-34.0,-64.0,1138.1162201689413
1,no,no,20.0,1.0,,1.0,1.0,38.0,35.0,50000.0,89000.0,Departamento,-34.57365,-58.44924,2485.070441919575
1,no,no,0.0,2.0,2.0,3.0,8.0,253.0,150.0,,181500.0,Casa,-33.53536,-63.31722,660.0
1,no,no,53.0,,,1.0,1.0,29.0,29.0,77273.0,64900.0,Departamento,-34.5627,-58.45829,2524.063070801955
1,no,no,0.0,1.0,,1.0,1.0,35.0,32.0,58500.0,98000.0,Departamento,,,
1,no,no,0.0,2.0,,1.0,3.0,143.0,66.0,,370000.0,Departamento,-34.58856,-58.43053,3099.3714799105555
1,no,no,7.0,1.0,1.0,1.0,2.0,59.0,54.0,,255000.0,Departamento,-34.52947,-58.4737,1357.2513765651022
1,no,no,17.0,4.0,3.0,2.0,6.0,310.0,220.0,,220000.0,Casa,-34.6516192,-58.664615,1296.9881751645623
1,no,no,10.0,4.0,1.0,4.0,5.0,250.0,250.0,,480000.0,Casa,-34.0,-64.0,1138.1162201689413
1,no,no,1.0,4.0,1.0,3.0,5.0,290.0,160.0,,180000.0,Casa,-34.0,-64.0,1138.1162201689413
1,no,no,44.0,4.0,1.0,3.0,5.0,183.0,140.0,,165000.0,Casa,-34.65582,-58.65836,1296.9881751645623
1,no,no,20.0,4.0,2.0,2.0,5.0,263.0,158.0,,159000.0,Casa,-34.65582,-58.65836,1296.9881751645623
1,no,no,16.0,4.0,1.0,2.0,5.0,206.0,190.0,,390000.0,Casa,-34.0,-64.0,1138.1162201689413
1,no,no,15.0,4.0,1.0,2.0,5.0,250.0,150.0,,160000.0,Casa,-34.0,-64.0,1138.1162201689413
1,no,no,16.0,4.0,2.0,3.0,4.0,280.0,180.0,,260000.0,Casa,-34.65582,-58.65836,1296.9881751645623
1,no,no,5.0,4.0,3.0,3.0,5.0,330.0,250.0,,260000.0,Casa,-34.65582,-58.65836,1296.9881751645623
1,no,no,8.0,4.0,3.0,3.0,5.0,330.0,200.0,,250000.0,Casa,-34.0,-64.0,1138.1162201689413
1,no,no,30.0,4.0,3.0,2.0,6.0,330.0,240.0,,220000.0,Casa,-34.65582,-58.65836,1296.9881751645623
1,no,no,,4.0,4.0,4.0,5.0,233.0,233.0,,230000.0,Casa,-34.65582,-58.65836,1296.9881751645623
1,no,no,,4.0,1.0,3.0,5.0,260.0,285.0,,220000.0,Casa,-34.6453704,-58.6651624,743.4949898820771
1,no,no,0.0,4.0,1.0,2.0,5.0,180.0,180.0,,138000.0,Casa,-34.0,-64.0,1138.1162201689413
1,no,no,35.0,4.0,2.0,4.0,5.0,300.0,180.0,,210000.0,Casa,,,
1,no,no,25.0,4.0,1.0,2.0,5.0,200.0,152.0,,199000.0,Casa,-34.0,-64.0,1138.1162201689413
1,no,no,15.0,4.0,2.0,3.0,5.0,202.0,202.0,,179000.0,Casa,,,
1,no,no,0.0,2.0,1.0,2.0,3.0,123.0,69.0,198.0,162000.0,Departamento,-34.0,-64.0,1138.1162201689413
1,no,sí,40.0,4.0,10.0,2.0,5.0,400.0,100.0,,139900.0,Casa,-34.5864226,-58.5694545,1297.2972972972973
1,no,no,0.0,,,1.0,1.0,44.0,44.0,,130000.0,Departamento,-34.62264,-58.44104,2483.578936989784
1,no,no,16.0,1.0,,1.0,2.0,41.0,41.0,,53000.0,Departamento,-31.019881,-64.0631705,
1,no,no,10.0,,,1.0,,84.0,84.0,,345000.0,Departamento,-34.5923758,-58.3951643,2334.7368108095943
1,no,no,0.0,2.0,,1.0,3.0,60.0,53.0,100000.0,146600.0,Departamento,-34.60064,-58.51231,2447.237082332933
1,no,no,78.0,1.0,1.0,1.0,3.0,162.0,107.0,,215000.0,Casa,-34.52947,-58.4737,2105.969727684583
1,no,no,,1.0,,,,64.0,57.0,,168965.0,Departamento,-34.572697,-58.4814541,2280.4611601450674
1,no,no,8.0,1.0,1.0,1.0,2.0,77.0,64.0,289000.0,218000.0,Departamento,-34.5374412,-58.4968816,1108.5972850678734
1,no,no,30.0,3.0,,2.0,5.0,275.0,218.0,,180000.0,Casa,-34.0,-64.0,1138.1162201689413
1,no,no,45.0,3.0,1.0,2.0,6.0,216.0,197.0,629243.0,,Departamento,-34.58333,-58.38333,3139.9474245041843
1,no,no,45.0,4.0,,3.0,5.0,202.0,120.0,,160000.0,Casa,-34.6635671,-58.3549997,
1,no,no,0.0,3.0,,2.0,4.0,109.0,106.0,,356400.0,Departamento,-34.5857072,-58.4253793,3008.1127386518137
1,no,no,15.0,,,1.0,1.0,42.0,37.0,107000.0,119500.0,Departamento,-34.58856,-58.43053,3073.5889291280046
1,no,no,55.0,3.0,,1.0,4.0,125.0,100.0,,220000.0,Departamento,-34.585887,-58.4132667,3097.4453604599976
1,no,no,0.0,,,1.0,1.0,37.0,37.0,,83900.0,Departamento,,,
1,no,no,3.0,2.0,,1.0,3.0,131.0,58.0,254000.0,245000.0,Departamento,-34.5534945,-58.4976646,1782.8389830508474
1,no,no,2.0,2.0,2.0,2.0,3.0,143.0,99.0,550000.0,420000.0,Departamento,-34.45761,-58.91385,626.0126459699802
1,no,no,30.0,4.0,3.0,5.0,8.0,402.0,402.0,,600000.0,Casa,-34.4881247,-58.4956145,
1,no,no,40.0,2.0,,1.0,3.0,59.0,56.0,4000.0,65000.0,Departamento,-32.9383557,-60.6390284,1251.3279269070204
1,no,no,8.0,2.0,1.0,2.0,3.0,67.0,64.0,240000.0,220000.0,Departamento,-34.5912861,-58.4085074,2450.6289207647583
1,no,no,,2.0,1.0,2.0,,222.0,120.0,,160000.0,Casa,-34.0,-64.0,1138.1162201689413
1,no,no,20.0,3.0,2.0,2.0,4.0,220.0,,,160000.0,Casa,-34.65582,-58.65836,1296.9881751645623
1,no,no,15.0,3.0,1.0,1.0,4.0,227.0,110.0,,180000.0,Casa,-34.65582,-58.65836,1296.9881751645623
1,no,no,0.0,,,,,,,,160000.0,Casa,-34.0,-64.0,1138.1162201689413
1,no,no,15.0,3.0,1.0,2.0,6.0,,210.0,,180000.0,Casa,-34.6445917,-58.6801746,516.758523382747
1,no,no,20.0,2.0,1.0,1.0,3.0,173.0,100.0,,168000.0,Casa,-34.0,-64.0,1138.1162201689413
1,no,no,,2.0,1.0,2.0,3.0,169.0,77.0,217.0,167997.0,Casa,,,
1,no,no,35.0,2.0,1.0,1.0,3.0,223.0,90.0,,180000.0,Casa,-34.65582,-58.65836,1296.9881751645623
1,no,no,15.0,3.0,1.0,2.0,4.0,224.0,183.0,,158000.0,Casa,-34.0,-64.0,1138.1162201689413
1,no,no,40.0,3.0,1.0,1.0,4.0,192.0,192.0,,170000.0,Casa,-34.6226595,-58.6982978,1136.6772520728216
1,no,no,10.0,4.0,1.0,2.0,6.0,200.0,200.0,,160000.0,Casa,-34.6056927,-58.6869968,853.2754022034791
1,no,no,9.0,3.0,1.0,2.0,4.0,205.0,130.0,,185000.0,Casa,-34.0,-64.0,1138.1162201689413
1,no,no,30.0,3.0,1.0,2.0,4.0,220.0,160.0,,160000.0,Casa,-34.65582,-58.65836,1296.9881751645623
1,no,no,15.0,3.0,1.0,2.0,4.0,180.0,130.0,,160000.0,Casa,-34.0,-64.0,1138.1162201689413
1,no,no,0.0,2.0,2.0,1.0,3.0,230.0,80.0,,163000.0,Casa,-34.6278194,-58.665444,1004.6697764141469
1,no,no,0.0,2.0,1.0,1.0,3.0,260.0,100.0,,170000.0,Casa,-34.65582,-58.65836,1296.9881751645623
1,no,no,,3.0,1.0,2.0,4.0,225.0,120.0,,180000.0,Casa,-34.6423548,-58.6661324,642.2289173149313
1,no,no,41.0,4.0,1.0,3.0,5.0,211.0,211.0,,190000.0,Casa,-34.6547228,-58.6669964,1296.9881751645623
1,no,no,50.0,4.0,,1.0,5.0,110.0,103.0,130000.0,249500.0,Departamento,-34.5947936,-58.4052229,2694.2948839964724
1,no,no,50.0,2.0,,1.0,3.0,101.0,62.0,,96500.0,PH,-34.63814,-58.50273,1748.2575757575755
1,no,no,0.0,3.0,2.0,4.0,,180.0,176.0,,,Departamento,-31.426493,-64.184437,1270.9858153419889
1,no,no,70.0,2.0,1.0,1.0,3.0,400.0,80.0,,96000.0,Casa,-34.92145,-57.95453,876.9024016715096
1,no,no,0.0,2.0,2.0,2.0,3.0,103.0,82.0,,165000.0,Departamento,-34.4909629,-58.9915408,
1,no,no,40.0,4.0,,2.0,5.0,182.0,140.0,,259000.0,PH,-34.63413,-58.44322,2656.5563725490197
1,no,no,0.0,3.0,,2.0,4.0,113.0,100.0,,265000.0,Departamento,-34.61082,-58.481,1370.3703703703704
1,no,no,,,,1.0,1.0,45.0,34.0,,113405.0,Departamento,-34.5629703,-58.4613944,2492.4016287956847
1,no,no,50.0,1.0,,1.0,2.0,45.0,45.0,76000.0,72000.0,Departamento,-34.60948,-58.39225,1604.837080632847
1,no,no,45.0,3.0,1.0,3.0,5.0,145.0,134.0,543000.0,440000.0,Departamento,-34.54955,-58.46684,2924.078545115241
1,no,no,0.0,1.0,,1.0,2.0,47.0,40.0,,94996.0,Departamento,-32.94682,-60.63932,1220.5549318170042
1,no,no,4.0,1.0,1.0,1.0,2.0,74.0,53.0,,65000.0,Casa,-32.89846,-60.90681,
1,no,no,23.0,3.0,3.0,4.0,4.0,624.0,404.0,,320000.0,Casa,-34.6418088,-58.6470841,1226.0898576512454
1,no,no,35.0,3.0,1.0,2.0,5.0,676.0,175.0,320000.0,190000.0,Casa,-34.0,-64.0,1138.1162201689413
1,no,no,0.0,,,1.0,1.0,34.0,34.0,,57000.0,Departamento,-32.9587581,-60.6259352,
1,no,no,0.0,2.0,,2.0,3.0,106.0,96.0,,234000.0,Departamento,-34.64286,-58.52386,2360.0
1,no,no,20.0,3.0,1.0,5.0,7.0,335.0,335.0,,550000.0,Casa,-34.56667,-58.48333,2480.1185761898437
1,no,no,70.0,2.0,,1.0,3.0,70.0,70.0,60000.0,130000.0,Departamento,-34.5222287,-58.488651,2538.299253489127
1,no,no,0.0,2.0,,1.0,3.0,65.0,65.0,95000.0,90000.0,Departamento,,,
1,no,no,30.0,2.0,1.0,1.0,3.0,100.0,100.0,,130000.0,Casa,-38.00228,-57.55754,1962.354087986998
1,no,no,0.0,,,1.0,1.0,21.0,21.0,,99000.0,Departamento,-34.58856,-58.43053,2886.684167223243
1,no,no,0.0,2.0,1.0,2.0,3.0,101.0,67.0,,339500.0,Departamento,-34.507122,-58.483075,2880.4347826086955
1,no,no,0.0,1.0,,1.0,2.0,51.0,41.0,,127300.0,PH,-34.60064,-58.51231,2434.0508078231296
1,no,no,6.0,2.0,2.0,2.0,3.0,260.0,125.0,,196000.0,Casa,-34.6588344,-58.677067,731.6166489030707
1,no,no,,,2.0,3.0,5.0,260.0,,,200000.0,Casa,-34.644961,-58.6708626,689.902356232464
1,no,no,56.0,4.0,1.0,2.0,5.0,255.0,245.0,,199999.0,Casa,-34.65582,-58.65836,1296.9881751645623
1,no,no,20.0,3.0,1.0,2.0,4.0,212.0,118.0,,169000.0,Casa,,,
1,no,no,3.0,2.0,2.0,,3.0,260.0,125.0,,195000.0,Casa,-34.6623408,-58.6811536,614.4168537713718
1,no,no,25.0,3.0,,2.0,4.0,277.0,130.0,,195000.0,Casa,-34.6398745,-58.663782,690.8190180486711
1,no,no,10.0,3.0,1.0,2.0,5.0,200.0,150.0,,210000.0,Casa,-34.65582,-58.65836,1296.9881751645623
1,no,no,0.0,3.0,,1.0,5.0,209.0,97.0,,175000.0,Casa,-34.0,-64.0,1138.1162201689413
1,no,no,34.0,3.0,2.0,2.0,4.0,258.0,113.0,,199000.0,Casa,,,
1,no,no,10.0,4.0,2.0,3.0,5.0,180.0,180.0,,200000.0,Casa,-34.0,-64.0,1138.1162201689413
1,no,no,35.0,3.0,1.0,3.0,4.0,260.0,160.0,,180000.0,Casa,-34.6344084,-58.6584089,714.3719858832824
2,no,no,20.0,2.0,1.0,1.0,3.0,160.0,160.0,,185000.0,Casa,-34.0,-64.0,1138.1162201689413
2,no,no,30.0,3.0,2.0,3.0,4.0,256.0,177.0,,199000.0,Casa,-34.6344084,-58.6584089,705.8683801140515
1,no,no,36.0,4.0,1.0,3.0,5.0,262.0,210.0,,198000.0,Casa,-34.0,-64.0,1138.1162201689413
1,no,no,25.0,3.0,2.0,3.0,4.0,200.0,150.0,,180000.0,Casa,,,
1,no,no,0.0,3.0,,2.0,4.0,180.0,110.0,,200000.0,Casa,-34.65582,-58.65836,1296.9881751645623
1,no,no,,4.0,2.0,4.0,5.0,250.0,250.0,,197000.0,Casa,-34.65582,-58.65836,1296.9881751645623
1,no,no,20.0,5.0,2.0,2.0,6.0,250.0,150.0,30000.0,198000.0,Casa,-34.65471,-58.6887436,786.6481436789797
1,no,no,0.0,,,1.0,1.0,22.0,22.0,12000.0,35000.0,Departamento,-34.6337865,-58.6305074,
1,no,no,70.0,2.0,,1.0,3.0,125.0,105.0,,120000.0,Casa,-34.9206797,-57.9537638,732.9024016715094
1,no,no,40.0,4.0,2.0,3.0,5.0,499.0,173.0,,260000.0,Casa,-32.94682,-60.63932,1370.5698723363407
1,no,no,0.0,2.0,,1.0,3.0,260.0,78.0,,62000.0,PH,-34.6932714,-58.6372458,
1,no,no,5.0,2.0,1.0,2.0,3.0,69.0,65.0,,185000.0,Departamento,-34.7445915,-58.3908645,878.3108108108108
1,no,no,0.0,3.0,,3.0,4.0,140.0,118.0,,433400.0,Departamento,-34.6166739,-58.438638,2322.7223441257784
1,no,no,17.0,1.0,1.0,1.0,2.0,57.0,54.0,200000.0,129500.0,Departamento,-34.6078264,-58.4525915,2221.145682828457
1,no,no,0.0,1.0,,1.0,1.0,40.0,34.0,,49000.0,Departamento,-34.6578095,-58.5402531,
1,no,no,10.0,2.0,1.0,1.0,3.0,75.0,75.0,520000.0,340000.0,Departamento,46.0708,8.26709,
1,no,no,0.0,3.0,2.0,3.0,5.0,833.0,216.0,,425000.0,Casa,-33.85,-66.38333,391.2922254665306
1,no,no,54.0,1.0,,1.0,2.0,48.0,48.0,120000.0,89000.0,Departamento,-34.634654,-58.4847087,
1,no,no,0.0,2.0,,1.0,3.0,110.0,70.0,,159000.0,Departamento,-34.59542,-58.47156,1559.6779237023138
1,no,no,0.0,,,1.0,,41.0,41.0,,130000.0,Departamento,-34.5510412,-58.4668055,2904.6144095871864
1,no,no,0.0,2.0,,1.0,3.0,76.0,62.0,85000.0,80000.0,Departamento,-31.411914,-64.1590296,
1,no,no,0.0,1.0,,1.0,2.0,41.0,38.0,,144000.0,Departamento,-34.5627,-58.45829,2492.4016287956847
1,no,no,15.0,1.0,,1.0,2.0,50.0,44.0,188000.0,120000.0,Departamento,-34.62264,-58.44104,2542.7631475160997
1,no,no,50.0,2.0,,2.0,3.0,144.0,135.0,500000.0,495000.0,Departamento,-34.588498,-58.3880497,2744.3525752571704
1,no,no,,3.0,1.0,2.0,4.0,133.0,105.0,,227000.0,PH,-34.5034982,-58.5011154,
1,no,no,19.0,4.0,3.0,3.0,5.0,272.0,195.0,500000.0,320000.0,Casa,-34.4387277,-58.8948454,
1,no,no,0.0,,,1.0,2.0,49.0,26.0,,156700.0,Departamento,-34.5955681,-58.4199375,2317.133932861107
1,no,no,40.0,3.0,1.0,1.0,4.0,310.0,130.0,,200000.0,Casa,-34.6344084,-58.6584089,719.0866260817935
2,no,no,0.0,3.0,,3.0,4.0,232.0,170.0,,220000.0,Casa,-34.65582,-58.65836,1296.9881751645623
1,no,no,70.0,5.0,1.0,3.0,6.0,300.0,244.0,,199000.0,Casa,-34.6649342,-58.6649782,833.3333333333334
1,no,no,10.0,3.0,2.0,2.0,4.0,270.0,150.0,,188000.0,Casa,-34.6049943,-58.6925829,948.7727402927394
1,no,no,70.0,3.0,1.0,3.0,4.0,305.0,150.0,,200000.0,Casa,-34.65582,-58.65836,1296.9881751645623
1,sí,no,30.0,3.0,2.0,2.0,4.0,239.0,160.0,,200000.0,Casa,-34.0,-64.0,1138.1162201689413
1,no,no,20.0,5.0,3.0,3.0,6.0,320.0,250.0,,195000.0,Casa,-34.6518449,-58.6644994,1296.9881751645623
1,no,no,40.0,3.0,2.0,2.0,4.0,275.0,160.0,,180000.0,Casa,-34.65582,-58.65836,1296.9881751645623
1,no,no,10.0,3.0,2.0,2.0,4.0,216.0,120.0,,210000.0,Casa,-34.65582,-58.65836,1296.9881751645623
1,no,no,50.0,3.0,2.0,1.0,4.0,230.0,105.0,,220000.0,Casa,-34.65582,-58.65836,1296.9881751645623
1,no,no,0.0,4.0,,2.0,6.0,225.0,175.0,,180000.0,Casa,-34.6339789,-58.6618584,679.9360884473848
1,no,no,0.0,2.0,,1.0,3.0,225.0,133.0,,180000.0,Casa,-34.6547228,-58.6669964,1296.9881751645623
1,no,no,,3.0,1.0,3.0,4.0,256.0,256.0,,210000.0,Casa,-34.65471,-58.6887436,780.9856436789797
1,no,no,,5.0,2.0,2.0,6.0,307.0,200.0,,198000.0,Casa,-34.65471,-58.6887436,816.0579156659504
1,no,no,25.0,3.0,3.0,1.0,4.0,285.0,120.0,,200000.0,Casa,-34.0,-64.0,1138.1162201689413
1,no,no,15.0,5.0,3.0,3.0,6.0,220.0,220.0,,195000.0,Casa,-34.6518449,-58.6644994,1296.9881751645623
1,no,no,20.0,3.0,2.0,2.0,4.0,236.0,88.0,,220000.0,Casa,-34.65582,-58.65836,1296.9881751645623
1,no,no,33.0,3.0,1.0,2.0,4.0,272.0,238.0,699300.0,595000.0,Departamento,-34.6,-58.45,2229.5886652845975
1,no,no,0.0,1.0,,1.0,2.0,58.0,52.0,,170000.0,Departamento,-34.5762892,-58.435162,3246.965947717254
1,no,no,100.0,5.0,2.0,2.0,7.0,200.0,200.0,,110000.0,Casa,-32.9080439,-60.6831014,
1,no,no,60.0,3.0,1.0,2.0,5.0,180.0,135.0,,189000.0,PH,-34.59542,-58.47156,1625.5870146114048
1,no,no,30.0,1.0,,1.0,2.0,42.0,42.0,56000.0,77000.0,Departamento,-34.5952,-58.48138,1495.0314590558494
1,no,no,60.0,2.0,,2.0,4.0,95.0,95.0,206000.0,235000.0,Departamento,-34.5627,-58.45829,2500.487753197599
1,no,no,4.0,2.0,1.0,1.0,3.0,61.0,57.0,250000.0,198000.0,Departamento,-34.62264,-58.44104,2458.172983581673
1,no,no,0.0,1.0,,1.0,2.0,66.0,38.0,40000.0,80770.0,Departamento,-34.63814,-58.50273,1614.086408640864
1,no,no,17.0,4.0,1.0,2.0,5.0,251.0,191.0,,200000.0,Casa,-34.767142,-58.385322,
1,sí,no,5.0,5.0,2.0,3.0,7.0,898.0,291.0,160000.0,330000.0,Casa,-34.45761,-58.91385,882.9706100548931
1,no,no,0.0,1.0,,2.0,2.0,76.0,76.0,,150000.0,Departamento,-31.4249742,-64.1818663,1018.5185185185185
1,no,no,0.0,1.0,,1.0,2.0,51.0,46.0,,245000.0,Departamento,-34.60944,-58.36186,4812.214509628303
1,no,no,,2.0,,2.0,3.0,146.0,120.0,,367125.0,Departamento,-34.800382,-58.396736,2757.5757575757575
1,no,no,0.0,1.0,,1.0,2.0,56.0,46.0,150000.0,172000.0,Departamento,-34.6,-58.4151,2202.030215804025
1,no,no,30.0,2.0,1.0,1.0,3.0,80.0,75.0,,90000.0,Casa,-38.0301651,-57.563238,
1,no,no,0.0,1.0,,1.0,2.0,46.0,42.0,,125000.0,Departamento,-34.60001,-58.44735,2176.599534849815
1,no,no,0.0,3.0,2.0,3.0,4.0,243.0,223.0,700000.0,475000.0,Casa,-34.42603,-58.57962,2396.8544891640868
1,no,no,35.0,3.0,2.0,3.0,4.0,600.0,160.0,350000.0,184000.0,Casa,,,
1,no,no,0.0,1.0,1.0,1.0,1.0,61.0,41.0,4700.0,210000.0,Departamento,-34.58856,-58.43053,3013.850443569847
1,no,no,,,,1.0,1.0,44.0,35.0,,112400.0,Departamento,-34.5627,-58.45829,2492.4016287956847
1,no,no,0.0,3.0,,2.0,4.0,154.0,122.0,,463500.0,Departamento,-34.0,-64.0,1138.1162201689413
1,no,no,29.0,3.0,2.0,2.0,4.0,280.0,228.0,,225000.0,Casa,,,
1,no,no,0.0,3.0,,3.0,4.0,232.0,170.0,,220000.0,Casa,-34.65582,-58.65836,1296.9881751645623
1,no,no,20.0,3.0,1.0,2.0,4.0,287.0,177.0,,235000.0,Casa,-34.0,-64.0,1138.1162201689413
1,no,no,,3.0,,2.0,4.0,260.0,130.0,,250000.0,Casa,-34.65582,-58.65836,1296.9881751645623
1,no,no,30.0,3.0,2.0,2.0,4.0,239.0,160.0,,200000.0,Casa,-34.0,-64.0,1138.1162201689413
1,no,no,0.0,3.0,2.0,2.0,4.0,283.0,120.0,240000.0,265000.0,Casa,,,
1,no,no,12.0,3.0,1.0,3.0,4.0,240.0,160.0,,250000.0,Casa,-34.65582,-58.65836,1296.9881751645623
1,no,no,20.0,3.0,2.0,3.0,4.0,293.0,216.0,,240000.0,Casa,-34.65582,-58.65836,1296.9881751645623
1,no,no,0.0,3.0,2.0,1.0,4.0,252.0,141.0,10000.0,260000.0,Casa,-34.65582,-58.65836,1296.9881751645623
1,no,no,8.0,3.0,2.0,3.0,4.0,240.0,140.0,,249000.0,Casa,,,
1,no,no,0.0,3.0,4.0,2.0,4.0,967.0,273.0,136000.0,430000.0,Casa,,,
1,no,no,50.0,3.0,,2.0,4.0,105.0,94.0,208000.0,253000.0,Departamento,-34.5736847,-58.4307062,3343.513853011067
1,no,no,0.0,2.0,,1.0,3.0,83.0,71.0,,149000.0,Departamento,-34.7028782,-58.3811603,
1,no,no,15.0,4.0,2.0,3.0,5.0,1040.0,175.0,380000.0,360000.0,Casa,-34.45761,-58.91385,885.1035550608894
1,no,no,0.0,,1.0,1.0,1.0,53.0,35.0,,75900.0,Departamento,-32.9374721,-60.6474216,1672.1899635676787
1,no,no,0.0,4.0,1.0,3.0,5.0,214.0,181.0,300000.0,250000.0,Casa,,,
1,no,no,45.0,2.0,,2.0,3.0,92.0,87.0,150000.0,185000.0,Departamento,-34.5908756,-58.400701,2859.651108573949
1,no,no,6.0,4.0,2.0,,5.0,380.0,171.0,380000.0,180000.0,Casa,-34.4576053,-58.8904576,
1,no,no,60.0,2.0,1.0,2.0,3.0,445.0,173.0,,175500.0,PH,-34.52975,-58.5476,
1,no,no,0.0,1.0,,1.0,2.0,69.0,57.0,,165000.0,Departamento,-34.593998,-58.4296248,3039.1938197328955
1,no,no,6.0,,1.0,1.0,1.0,32.0,29.0,133000.0,92500.0,Departamento,-34.6254293,-58.4478662,2473.191718944671
1,no,no,0.0,1.0,,1.0,2.0,39.0,38.0,45000.0,54900.0,Departamento,,,
2,no,no,0.0,4.0,1.0,3.0,5.0,630.0,190.0,,320000.0,Casa,-34.0,-64.0,1138.1162201689413
1,no,no,16.0,2.0,1.0,1.0,3.0,94.0,59.0,55000.0,85000.0,Departamento,-31.42414,-64.49778,
1,no,no,0.0,2.0,,2.0,3.0,76.0,62.0,,179776.0,Departamento,-34.42603,-58.57962,2191.4839022028564
1,no,no,50.0,2.0,,1.0,3.0,83.0,76.0,306000.0,239000.0,Departamento,-34.58856,-58.43053,3070.160931422898
1,no,no,0.0,4.0,2.0,3.0,5.0,340.0,220.0,99000.0,458000.0,Casa,36.56635,-121.94662,
1,no,no,0.0,1.0,,1.0,2.0,97.0,43.0,,113000.0,Departamento,-34.0,-64.0,1138.1162201689413
1,no,no,0.0,3.0,2.0,4.0,4.0,318.0,149.0,,120000.0,Casa,-34.7211744,-58.2407952,
1,no,no,0.0,2.0,1.0,2.0,3.0,159.0,103.0,,168000.0,Casa,-34.49007,-58.83109,1152.1739130434783
1,no,no,30.0,2.0,,2.0,3.0,80.0,77.0,,73500.0,Casa,-38.0711266,-57.5507865,173.11111111111111
1,no,no,50.0,3.0,,1.0,4.0,90.0,90.0,230000.0,245000.0,Departamento,-34.5627,-58.45829,2475.6339520280085
1,no,no,80.0,3.0,,2.0,4.0,151.0,151.0,445000.0,465000.0,Departamento,-34.58333,-58.38333,3160.1064997804133
1,no,no,35.0,3.0,1.0,2.0,4.0,277.0,221.0,,320000.0,Casa,-34.6526576,-58.6671478,1296.9881751645623
1,no,no,20.0,3.0,1.0,3.0,4.0,262.0,170.0,,200000.0,Casa,-34.65582,-58.65836,1296.9881751645623
1,no,no,,3.0,,2.0,4.0,259.0,205.0,,235000.0,Casa,-34.0,-64.0,1138.1162201689413
1,no,no,15.0,3.0,1.0,3.0,4.0,300.0,230.0,,250000.0,Casa,-34.6618846,-58.6679996,975.2256641542614
1,no,no,30.0,3.0,1.0,2.0,4.0,260.0,233.0,,200000.0,Casa,-34.65582,-58.65836,1296.9881751645623
2,no,no,50.0,3.0,1.0,2.0,4.0,292.0,156.0,,260000.0,Casa,-34.65582,-58.65836,1296.9881751645623
1,no,no,0.0,2.0,1.0,1.0,3.0,66.0,62.0,,137000.0,Departamento,-34.0,-64.0,1138.1162201689413
1,no,no,0.0,2.0,,1.0,3.0,193.0,75.0,,302000.0,Departamento,-34.56667,-58.48333,2495.52341726942
1,no,no,0.0,2.0,2.0,2.0,3.0,450.0,124.0,,77900.0,Casa,-38.06482,-57.55211,918.75
1,no,no,14.0,1.0,1.0,1.0,2.0,56.0,56.0,,73500.0,Departamento,-34.0,-64.0,1138.1162201689413
1,no,no,70.0,2.0,,1.0,3.0,152.0,120.0,,110000.0,Casa,-34.5287692,-58.5313258,
1,no,no,40.0,2.0,,1.0,3.0,236.0,,,149000.0,Casa,-34.76088,-58.40632,2632.6530612244896
1,no,no,18.0,4.0,,3.0,5.0,830.0,177.0,,290000.0,Casa,-34.45761,-58.91385,884.7791806401294
1,no,no,20.0,1.0,,2.0,2.0,51.0,51.0,100000.0,119000.0,Departamento,-34.6078017,-58.4961693,2338.235294117647
1,no,no,0.0,1.0,,1.0,2.0,52.0,44.0,30000.0,89900.0,Departamento,-34.76531,-58.21278,
1,no,no,40.0,1.0,,1.0,2.0,65.0,65.0,85000.0,82000.0,Departamento,-34.6,-58.4151,2403.1291169029264
1,no,no,18.0,4.0,,3.0,7.0,891.0,281.0,,348000.0,Casa,-34.45761,-58.91385,880.6617006190348
1,no,no,0.0,1.0,,1.0,2.0,46.0,40.0,7900.0,67000.0,Departamento,,,
1,no,no,3.0,3.0,3.0,2.0,4.0,250.0,220.0,,180000.0,PH,-31.34377,-64.33529,
1,no,no,0.0,,,1.0,1.0,32.0,27.0,,64700.0,Departamento,-32.94682,-60.63932,1220.4865807531746
1,no,no,57.0,2.0,,1.0,3.0,58.0,54.0,94000.0,123000.0,Departamento,-34.611957,-58.4406843,3095.714285714286
1,no,no,0.0,3.0,4.0,3.0,4.0,675.0,153.0,270000.0,299000.0,Casa,-38.00228,-57.55754,2048.057791690702
1,no,no,0.0,1.0,1.0,1.0,2.0,49.0,49.0,,160000.0,Departamento,-34.76088,-58.40632,1315.677966101695
1,no,no,14.0,3.0,1.0,2.0,4.0,110.0,83.0,28000.0,169999.0,PH,-34.6363152,-58.5747331,540.0
1,no,no,0.0,,,1.0,1.0,38.0,33.0,,123345.0,Departamento,-34.5627,-58.45829,2423.2640689870727
1,no,no,0.0,6.0,2.0,4.0,7.0,800.0,320.0,,470000.0,Casa,-34.0,-64.0,1138.1162201689413
1,no,no,0.0,2.0,,1.0,3.0,66.0,50.0,,230900.0,Departamento,-25.94571,-62.91121,
1,no,no,22.0,3.0,2.0,,4.0,223.0,135.0,,220000.0,Casa,-34.636996,-58.6583103,703.0565436912166
1,no,no,30.0,3.0,2.0,2.0,4.0,261.0,154.0,,225000.0,Casa,-34.0,-64.0,1138.1162201689413
1,no,no,55.0,1.0,,1.0,2.0,35.0,,116603.0,76000.0,Departamento,-34.5627,-58.45829,2530.7133171073733
1,no,no,10.0,1.0,,1.0,2.0,57.0,53.0,90000.0,100000.0,Departamento,-34.92145,-57.95453,574.0252086890533
1,no,no,0.0,2.0,1.0,1.0,3.0,111.0,74.0,,160000.0,Casa,-27.456773,-59.0043428,
1,no,no,7.0,4.0,2.0,4.0,5.0,238.0,238.0,610000.0,490000.0,Casa,-34.44882,-58.64296,
1,no,no,0.0,3.0,1.0,2.0,4.0,149.0,121.0,,400000.0,Departamento,-38.0197059,-57.5490803,
1,no,no,0.0,,,1.0,1.0,34.0,30.0,,88900.0,Departamento,-32.9381151,-60.676738,1255.3191489361702
1,no,no,0.0,3.0,3.0,2.0,4.0,801.0,180.0,500000.0,329000.0,Casa,-33.85,-66.38333,405.50186866035176
1,no,no,30.0,2.0,1.0,1.0,4.0,150.0,99.0,,209000.0,Casa,-34.52947,-58.4737,2089.42651780804
1,no,no,60.0,3.0,1.0,2.0,5.0,163.0,154.0,250000.0,250000.0,Departamento,-32.94682,-60.63932,1269.2998476243401
1,no,no,0.0,1.0,,1.0,2.0,56.0,46.0,154890.0,205300.0,Departamento,-34.5885355,-58.4193674,2878.703131822993
1,no,no,50.0,3.0,1.0,3.0,4.0,168.0,157.0,350000.0,600000.0,Departamento,,,
1,no,no,0.0,1.0,1.0,2.0,2.0,63.0,54.0,,200000.0,Departamento,-34.469332,-58.520859,
1,no,no,0.0,2.0,1.0,2.0,4.0,177.0,95.0,,139000.0,PH,-31.4745825,-64.2623728,
1,no,no,7.0,1.0,1.0,1.0,2.0,40.0,40.0,8000.0,105000.0,Departamento,-34.0,-64.0,1138.1162201689413
1,no,no,2.0,3.0,2.0,3.0,4.0,551.0,122.0,350000.0,178000.0,Casa,,,
1,no,no,15.0,2.0,1.0,2.0,3.0,100.0,83.0,140000.0,250000.0,Departamento,-34.62264,-58.44104,2483.578936989784
1,no,no,0.0,2.0,1.0,2.0,3.0,66.0,62.0,340000.0,240000.0,Departamento,-34.6215987,-58.4235884,2288.8888888888887
1,no,no,0.0,2.0,1.0,2.0,3.0,90.0,82.0,283000.0,265000.0,Departamento,-34.58856,-58.43053,3063.6682942073694
1,no,no,0.0,2.0,1.0,2.0,,104.0,104.0,,,Departamento,-31.4135,-64.18105,807.9135241892659
1,no,no,0.0,4.0,2.0,2.0,6.0,600.0,150.0,300000.0,250000.0,Casa,-34.89255,-58.56888,
1,no,no,50.0,3.0,1.0,1.0,5.0,165.0,125.0,,310000.0,Casa,-34.5787523,-58.4983265,1771.1182100805365
1,no,no,0.0,3.0,,2.0,4.0,236.0,156.0,,270000.0,Casa,-38.00228,-57.55754,1977.947308325981
1,no,no,10.0,2.0,2.0,2.0,4.0,300.0,210.0,,250000.0,Casa,-34.6576509,-58.6836656,661.0701602888198
1,no,no,30.0,,2.0,2.0,4.0,300.0,200.0,,230000.0,Casa,-34.0,-64.0,1138.1162201689413
1,no,no,27.0,4.0,1.0,2.0,5.0,233.0,233.0,,230000.0,Casa,-34.65582,-58.65836,1296.9881751645623
1,no,no,33.0,3.0,2.0,,4.0,318.0,178.0,,235000.0,Casa,-34.6440859,-58.6754722,546.3648626619672
1,no,no,25.0,4.0,3.0,5.0,5.0,233.0,233.0,,230000.0,Casa,-34.65582,-58.65836,1296.9881751645623
1,no,no,35.0,3.0,2.0,3.0,,337.0,236.0,,245000.0,Casa,-34.0,-64.0,1138.1162201689413
1,no,no,38.0,4.0,2.0,4.0,6.0,370.0,370.0,,550000.0,Casa,,,
1,no,no,0.0,1.0,,1.0,2.0,58.0,51.0,,170000.0,Departamento,-34.5830604,-58.426571,3008.1127386518137
1,no,no,20.0,,1.0,1.0,1.0,50.0,34.0,180000.0,110000.0,Departamento,-34.5452262,-58.460469,3024.949873515674
1,no,no,0.0,,,6.0,10.0,462.0,462.0,,290000.0,Casa,-34.6267665,-58.3759302,
1,no,no,18.0,3.0,3.0,2.0,4.0,839.0,172.0,,310000.0,Casa,-34.0,-64.0,1138.1162201689413
1,no,no,35.0,3.0,1.0,2.0,4.0,182.0,172.0,592000.0,450000.0,Departamento,-34.5627,-58.45829,2500.6034269974834
1,no,no,45.0,2.0,,1.0,3.0,60.0,60.0,120000.0,88000.0,Departamento,-34.59542,-58.47156,1556.1425701669605
1,no,no,0.0,2.0,,2.0,3.0,90.0,69.0,198.0,147269.0,Departamento,-34.65582,-58.65836,1296.9881751645623
1,no,no,7.0,1.0,1.0,1.0,2.0,75.0,63.0,,79000.0,Departamento,-32.94682,-60.63932,1269.2998476243401
1,no,no,0.0,1.0,,1.0,2.0,43.0,43.0,,130000.0,Departamento,-32.9318271,-60.6516851,2030.388793596341
1,no,no,2.0,3.0,7.0,4.0,4.0,1000.0,250.0,480000.0,480000.0,Casa,,,
1,no,no,0.0,2.0,1.0,1.0,3.0,49.0,46.0,120000.0,110000.0,Departamento,,,
1,no,no,0.0,1.0,,,2.0,51.0,43.0,,178000.0,Departamento,-34.5640687,-58.4381273,2325.7440476190477
1,no,no,3.0,1.0,,1.0,2.0,74.0,56.0,140000.0,236000.0,Departamento,-34.5834248,-58.4338893,3037.852823564313
1,no,no,20.0,3.0,1.0,2.0,4.0,113.0,88.0,1.0,169000.0,Casa,-34.45761,-58.91385,770.1614175523803
1,no,no,20.0,1.0,,1.0,2.0,80.0,70.0,100000.0,185500.0,PH,-34.5627,-58.45829,2515.9811742502307
1,no,no,30.0,3.0,5.0,4.0,4.0,210.0,178.0,576000.0,285000.0,Casa,-31.6789,-63.87964,
1,no,no,6.0,1.0,1.0,1.0,2.0,54.0,50.0,195000.0,110000.0,Departamento,-34.84787,-58.52869,1038.3333333333333
1,no,no,20.0,5.0,2.0,3.0,6.0,733.0,220.0,,380000.0,Casa,,,
1,no,no,0.0,,,1.0,1.0,57.0,43.0,160000.0,150000.0,Departamento,-34.58856,-58.43053,3063.6682942073694
1,no,no,0.0,5.0,2.0,5.0,7.0,800.0,280.0,,580000.0,Casa,-34.0,-64.0,1138.1162201689413
1,no,no,100.0,4.0,,2.0,5.0,130.0,127.0,320000.0,298000.0,Departamento,-34.58333,-58.4,2749.4029033552633
1,no,no,43.0,3.0,,2.0,4.0,69.0,62.0,125000.0,100000.0,Departamento,-34.6309867,-58.4647847,1699.5109321058687
1,no,no,8.0,3.0,2.0,1.0,4.0,300.0,110.0,175000.0,215000.0,Casa,-34.6109497,-58.6801137,768.3606848545513
1,no,no,30.0,3.0,1.0,2.0,4.0,349.0,184.0,,260000.0,Casa,-34.0,-64.0,1138.1162201689413
1,no,no,45.0,3.0,1.0,3.0,4.0,345.0,250.0,,270000.0,Casa,-34.65582,-58.65836,1296.9881751645623
1,no,no,15.0,3.0,2.0,3.0,4.0,337.0,236.0,,255000.0,Casa,-34.6527091,-58.6707104,811.4546385525332
1,no,no,30.0,3.0,5.0,2.0,4.0,297.0,220.0,,215000.0,Casa,-34.636996,-58.6583103,703.0565436912166
1,no,no,,3.0,2.0,2.0,4.0,300.0,110.0,150000.0,215000.0,Casa,-34.65582,-58.65836,1296.9881751645623
1,no,no,50.0,3.0,1.0,2.0,5.0,315.0,170.0,,250000.0,Casa,-34.65582,-58.65836,1296.9881751645623
1,no,no,10.0,3.0,,2.0,5.0,315.0,200.0,,210000.0,Casa,-34.6340134,-58.6556605,735.0344947602426
1,no,no,22.0,1.0,1.0,1.0,2.0,101.0,47.0,347151.0,205000.0,Departamento,-34.58856,-58.43053,3063.6682942073694
1,no,no,0.0,3.0,2.0,2.0,4.0,607.0,245.0,,380000.0,Casa,,,
1,no,no,10.0,1.0,1.0,1.0,2.0,48.0,43.0,,112000.0,Departamento,-34.0,-64.0,1138.1162201689413
1,no,no,19.0,3.0,,2.0,4.0,400.0,200.0,90000.0,185000.0,Casa,-34.4597908,-58.7844316,
1,no,no,45.0,1.0,,1.0,2.0,33.0,33.0,100000.0,118000.0,Departamento,-34.58333,-58.4,2621.0579150102753
1,no,no,0.0,1.0,,1.0,2.0,50.0,50.0,,115000.0,Departamento,-34.6,-58.45,2218.3386652845975
1,no,no,0.0,1.0,,1.0,2.0,51.0,43.0,,140000.0,Departamento,-34.0,-64.0,1138.1162201689413
1,no,no,20.0,2.0,1.0,1.0,3.0,80.0,66.0,390000.0,300000.0,Departamento,-34.5627,-58.45829,2492.4016287956847
1,no,no,5.0,,1.0,1.0,1.0,46.0,28.0,193325.0,179000.0,Departamento,-34.9314,-57.9489,2281.5533980582522
1,no,no,25.0,3.0,,3.0,4.0,900.0,160.0,,330000.0,Casa,-34.0,-64.0,1138.1162201689413
1,no,no,4.0,4.0,2.0,4.0,6.0,896.0,250.0,,390000.0,Casa,,,
1,no,no,2.0,3.0,2.0,5.0,4.0,214.0,170.0,600000.0,432000.0,Casa,-34.4337225,-58.6497939,
1,no,no,15.0,1.0,,1.0,2.0,62.0,62.0,,50000.0,Departamento,-36.54131,-56.70105,
1,no,no,2.0,4.0,1.0,3.0,5.0,971.0,184.0,350000.0,335000.0,Casa,-31.61689,-61.93256,930.7843137254902
1,no,no,0.0,,1.0,1.0,2.0,58.0,46.0,,285000.0,Departamento,-34.60944,-58.36186,4784.746625923097
1,no,no,15.0,5.0,2.0,4.0,7.0,1015.0,246.0,320000.0,305000.0,Casa,-34.87835,-58.51054,1932.3623188405797
1,no,no,50.0,,,1.0,1.0,19.0,19.0,62800.0,41000.0,Departamento,-34.591901,-58.3961011,2578.3928258471888
1,no,no,50.0,2.0,,1.0,3.0,65.0,65.0,100000.0,150000.0,Departamento,-34.5430961,-58.4878145,2147.745901639344
1,no,no,0.0,3.0,1.0,3.0,4.0,136.0,136.0,450000.0,440000.0,Departamento,-34.626245,-58.447408,2291.9699994876573
1,no,no,0.0,3.0,,3.0,5.0,132.0,132.0,,350000.0,Departamento,-34.5865046,-58.3864456,2745.961309426208
1,no,no,0.0,1.0,,1.0,2.0,56.0,56.0,,96000.0,Departamento,-32.94682,-60.63932,1269.2998476243401
1,no,no,30.0,1.0,,1.0,2.0,56.0,52.0,4500.0,55000.0,Departamento,-38.00228,-57.55754,1994.1398022727124
1,no,no,0.0,1.0,,1.0,4.0,50.0,50.0,,52000.0,Departamento,-31.4434356,-64.1771539,
1,no,no,0.0,3.0,2.0,2.0,5.0,800.0,161.0,,500000.0,Casa,-32.9281019,-60.7827722,
1,no,no,20.0,3.0,,3.0,5.0,390.0,170.0,,210000.0,Casa,,,
1,no,no,0.0,4.0,1.0,,5.0,390.0,154.0,,215000.0,Casa,-34.65582,-58.65836,1296.9881751645623
1,no,no,8.0,3.0,2.0,2.0,4.0,324.0,187.0,,220000.0,Casa,-34.6539689,-58.6930646,772.64924334962
1,no,no,28.0,3.0,1.0,1.0,4.0,282.0,153.0,,220000.0,Casa,-34.65582,-58.65836,1296.9881751645623
1,no,no,40.0,2.0,2.0,2.0,4.0,307.0,209.0,,220000.0,Casa,-34.0,-64.0,1138.1162201689413
1,no,no,15.0,4.0,2.0,3.0,6.0,347.0,248.0,,220000.0,Casa,,,
1,no,no,20.0,3.0,2.0,2.0,5.0,310.0,202.0,320000.0,200000.0,Casa,-34.6276756,-58.6737682,1195.8569558129777
1,no,no,45.0,3.0,2.0,2.0,4.0,350.0,150.0,,210000.0,Casa,-34.6310414,-58.6565502,742.1736147309432
1,no,no,0.0,2.0,4.0,1.0,3.0,309.0,95.0,,220000.0,Casa,-34.6098975,-58.6824447,768.8299405179818
1,no,no,37.0,3.0,2.0,1.0,4.0,284.0,146.0,,220000.0,Casa,-34.65582,-58.65836,1296.9881751645623
1,no,no,,2.0,1.0,1.0,3.0,381.0,200.0,,220000.0,Casa,-34.65582,-58.65836,1296.9881751645623
1,no,no,10.0,4.0,2.0,2.0,5.0,285.0,180.0,,229000.0,Casa,-34.65582,-58.65836,1296.9881751645623
1,no,no,10.0,4.0,2.0,3.0,5.0,285.0,180.0,,229000.0,Casa,-34.65582,-58.65836,1296.9881751645623
1,no,no,5.0,4.0,,3.0,6.0,375.0,174.0,,200000.0,Casa,-34.65582,-58.65836,1296.9881751645623
1,no,no,0.0,5.0,,2.0,5.0,248.0,248.0,,435000.0,Casa,-38.00228,-57.55754,1916.9508621805467
1,no,no,10.0,3.0,1.0,2.0,4.0,122.0,122.0,,249000.0,Departamento,-34.41427,-58.65171,818.3895673042987
1,no,no,0.0,1.0,,1.0,2.0,70.0,60.0,,140900.0,Departamento,-34.6242715,-58.4474994,2471.9060046589566
1,no,no,0.0,3.0,,2.0,4.0,140.0,110.0,,235000.0,Departamento,-31.13544,-64.14059,
1,no,no,16.0,1.0,,2.0,2.0,70.0,56.0,,157000.0,Departamento,-34.5702673,-58.4311802,3388.2779804520624
1,no,no,0.0,3.0,2.0,2.0,5.0,572.0,181.0,,345000.0,Casa,-33.85,-66.38333,378.01468667878777
1,no,no,15.0,3.0,1.0,2.0,4.0,133.0,93.0,35000.0,270000.0,Departamento,,,
1,no,no,20.0,4.0,1.0,3.0,8.0,576.0,300.0,438000.0,420000.0,Casa,-34.49674,-58.63915,
1,no,no,7.0,,,1.0,2.0,55.0,55.0,140000.0,68000.0,Departamento,-31.4040408,-64.2154981,
1,no,no,,1.0,,2.0,2.0,65.0,48.0,,162480.0,Departamento,-34.6005973,-58.4459256,2221.145682828457
1,no,no,13.0,2.0,,2.0,3.0,76.0,67.0,190000.0,140000.0,Departamento,-34.5564937,-58.4814745,2026.1102621098453
1,no,no,35.0,,,1.0,1.0,41.0,35.0,6350.0,72000.0,Departamento,-34.6213877,-58.4465356,2607.1533914185384
1,no,no,0.0,3.0,2.0,2.0,5.0,809.0,246.0,,485000.0,Casa,,,
1,no,no,1.0,1.0,,2.0,3.0,753.0,134.0,,76000.0,Casa,-34.92145,-57.95453,904.7164786967418
1,no,no,30.0,3.0,,1.0,4.0,280.0,100.0,,85000.0,Casa,-34.6619248,-58.4062146,
1,no,no,0.0,2.0,2.0,2.0,4.0,222.0,129.0,600000.0,390000.0,Departamento,-31.3663414,-64.2565074,2285.714285714286
1,no,no,0.0,2.0,,1.0,3.0,71.0,67.0,,142000.0,Departamento,-32.94682,-60.63932,1269.2998476243401
1,no,no,0.0,2.0,,2.0,3.0,74.0,74.0,,129000.0,Departamento,-32.94682,-60.63932,1269.2998476243401
1,no,no,45.0,,,1.0,1.0,23.0,23.0,140000.0,78000.0,Departamento,-34.58333,-58.38333,3056.161783396883
1,no,no,30.0,,,,,756.0,400.0,,450000.0,Casa,,,
1,no,no,0.0,,,1.0,1.0,132.0,40.0,,162700.0,Departamento,-34.6,-58.45,2325.0810895270215
1,no,no,45.0,3.0,1.0,2.0,4.0,97.0,87.0,200000.0,193000.0,Departamento,-34.62264,-58.44104,2483.578936989784
1,no,no,20.0,4.0,11.0,3.0,5.0,300.0,250.0,,170000.0,Casa,-34.0,-64.0,1138.1162201689413
1,no,no,55.0,4.0,2.0,3.0,5.0,430.0,140.0,,159000.0,Casa,-34.6500407,-58.6653266,1296.9881751645623
1,no,no,6.0,4.0,2.0,3.0,5.0,330.0,200.0,,250000.0,Casa,-34.6704619,-58.6756544,442.19298792526547
1,no,no,17.0,4.0,,3.0,5.0,361.0,200.0,,220000.0,Casa,-34.6193998,-58.7092953,890.9186804756425
1,no,no,0.0,4.0,2.0,3.0,6.0,347.0,284.0,,229900.0,Casa,-34.65582,-58.65836,1296.9881751645623
1,no,no,1.0,4.0,1.0,2.0,5.0,350.0,170.0,,186000.0,Casa,-34.6382545,-58.6609905,713.0686249162795
1,no,no,30.0,4.0,1.0,2.0,5.0,325.0,175.0,,170000.0,Casa,,,
1,no,no,40.0,4.0,,4.0,8.0,375.0,200.0,,165000.0,Casa,-27.5920781,-56.6950256,1500.0
1,no,no,0.0,4.0,1.0,2.0,7.0,405.0,205.0,,260000.0,Casa,-34.65582,-58.65836,1296.9881751645623
1,no,no,25.0,4.0,,2.0,5.0,346.0,200.0,,170000.0,Casa,-34.6526945,-58.6638965,1296.9881751645623
1,no,no,12.0,4.0,1.0,4.0,7.0,390.0,220.0,,189000.0,Casa,-34.6526945,-58.6638965,1296.9881751645623
1,no,no,31.0,4.0,4.0,2.0,5.0,430.0,157.0,,240000.0,Casa,,,
1,no,no,10.0,4.0,5.0,2.0,5.0,450.0,200.0,,165000.0,Casa,-34.6117935,-58.7060676,980.0555868815458
1,no,no,0.0,4.0,,3.0,5.0,400.0,180.0,,175000.0,Casa,-34.0,-64.0,1138.1162201689413
1,no,no,15.0,4.0,2.0,3.0,6.0,347.0,284.0,,220000.0,Casa,-34.0,-64.0,1138.1162201689413
1,no,no,20.0,4.0,2.0,2.0,5.0,449.0,270.0,,195000.0,Casa,-34.6462314,-58.6714173,775.3361222647077
1,no,no,10.0,4.0,,2.0,5.0,460.0,200.0,,185000.0,Casa,-34.0,-64.0,1138.1162201689413
1,no,no,0.0,4.0,3.0,4.0,5.0,840.0,204.0,450000.0,240000.0,Casa,-33.85,-66.38333,423.3621963120117
1,no,no,47.0,2.0,1.0,1.0,4.0,312.0,148.0,,127000.0,Casa,-34.0,-64.0,1138.1162201689413
1,no,no,0.0,1.0,,1.0,2.0,58.0,58.0,,190000.0,Departamento,-34.5853764,-58.4153712,2873.514917329445
1,no,no,0.0,1.0,,1.0,2.0,47.0,42.0,,65000.0,Departamento,-32.917957,-60.6802879,
1,no,no,50.0,2.0,1.0,3.0,3.0,101.0,96.0,114240.0,525000.0,Departamento,-34.58856,-58.43053,3063.6682942073694
1,no,no,0.0,1.0,1.0,2.0,2.0,118.0,48.0,,210375.0,Departamento,-34.5567538,-58.4900329,2001.956518517543
1,no,no,0.0,2.0,1.0,1.0,7.0,560.0,117.0,,132000.0,Casa,-32.9768178,-60.6587467,263.1578947368421
1,no,no,0.0,1.0,,1.0,2.0,40.0,37.0,116000.0,94000.0,Departamento,-34.6298815,-58.4007635,1465.5172413793102
1,no,no,22.0,2.0,1.0,2.0,3.0,258.0,68.0,,185000.0,Casa,,,
1,no,no,8.0,3.0,,2.0,4.0,134.0,124.0,,525000.0,Departamento,-38.00228,-57.55754,1700.5630432108787
1,no,no,0.0,2.0,2.0,1.0,3.0,250.0,106.0,110000.0,165000.0,Casa,-33.53536,-63.31722,717.3913043478261
1,no,no,0.0,2.0,,1.0,3.0,62.0,56.0,,125000.0,Departamento,-34.63333,-58.41667,
1,no,no,3.0,2.0,1.0,1.0,3.0,69.0,65.0,,135000.0,Departamento,-32.9221806,-60.6673058,2120.0
1,no,no,15.0,4.0,4.0,4.0,12.0,826.0,318.0,,270000.0,Casa,-31.3449773,-64.2608953,290.0
1,no,no,30.0,2.0,2.0,2.0,3.0,630.0,264.0,,120000.0,Casa,-34.86186,-57.91126,
1,no,no,54.0,3.0,,1.0,4.0,86.0,81.0,206908.0,170000.0,Departamento,-34.56667,-58.48333,2413.127947935765
1,no,no,8.0,1.0,,1.0,2.0,42.0,39.0,259000.0,150000.0,Departamento,-34.6166177,-58.3669582,5120.337758928023
1,no,no,50.0,2.0,,1.0,3.0,56.0,54.0,160000.0,97000.0,Departamento,-34.5922557,-58.4455051,2289.5359662292667
1,no,no,0.0,2.0,,1.0,3.0,63.0,54.0,,83000.0,Departamento,-27.83333,-61.25,
1,no,no,0.0,1.0,,2.0,2.0,46.0,46.0,,129500.0,Departamento,-38.00228,-57.55754,1916.9508621805467
1,no,no,0.0,1.0,1.0,,2.0,88.0,78.0,,74000.0,Departamento,,,
1,no,no,0.0,1.0,,1.0,2.0,40.0,40.0,,45000.0,PH,,,
1,no,no,0.0,1.0,,1.0,2.0,48.0,42.0,,120000.0,Departamento,-34.6365434,-58.4446722,1423.076923076923
1,no,no,50.0,4.0,2.0,3.0,5.0,373.0,250.0,,220000.0,Casa,-34.6694621,-58.6798347,551.9431173326126
1,no,no,40.0,4.0,2.0,3.0,5.0,449.0,200.0,,180000.0,Casa,-34.6462314,-58.6714173,775.3361222647077
1,no,no,10.0,4.0,1.0,2.0,5.0,645.0,210.0,,190000.0,Casa,-34.6704619,-58.6756544,673.6940450077179
1,no,no,12.0,4.0,2.0,2.0,5.0,516.0,167.0,,234000.0,Casa,-34.6071119,-58.6848208,812.2248106082121
1,no,no,,4.0,1.0,3.0,5.0,372.0,175.0,,190000.0,Casa,-34.6526945,-58.6638965,1296.9881751645623
1,no,no,60.0,4.0,1.0,2.0,5.0,375.0,150.0,,160000.0,Casa,-34.0,-64.0,1138.1162201689413
1,no,no,50.0,4.0,1.0,2.0,5.0,537.0,210.0,,220000.0,Casa,-34.0,-64.0,1138.1162201689413
1,no,no,6.0,4.0,3.0,2.0,5.0,330.0,,,165000.0,Casa,,,
1,no,no,30.0,4.0,1.0,2.0,5.0,609.0,200.0,,240000.0,Casa,-34.0,-64.0,1138.1162201689413
1,no,no,30.0,4.0,1.0,3.0,7.0,400.0,300.0,,250000.0,Casa,-34.65582,-58.65836,1296.9881751645623
1,no,no,50.0,4.0,1.0,2.0,5.0,537.0,210.0,,220000.0,Casa,-34.65582,-58.65836,1296.9881751645623
1,no,no,25.0,4.0,2.0,3.0,5.0,484.0,290.0,,240000.0,Casa,-34.6528736,-58.6607864,1296.9881751645623
1,no,no,15.0,4.0,1.0,3.0,6.0,480.0,220.0,,220000.0,Casa,-34.65582,-58.65836,1296.9881751645623
1,no,no,25.0,4.0,2.0,1.0,5.0,350.0,175.0,,180000.0,Casa,-34.65582,-58.65836,1296.9881751645623
1,no,no,0.0,4.0,,3.0,5.0,400.0,150.0,,145000.0,Casa,-34.0,-64.0,1138.1162201689413
1,no,no,25.0,4.0,3.0,2.0,5.0,534.0,230.0,,230000.0,Casa,-34.6056927,-58.6869968,890.20424115479
1,no,no,25.0,4.0,3.0,3.0,5.0,488.0,181.0,,250000.0,Casa,-34.65582,-58.65836,1296.9881751645623
1,no,no,0.0,1.0,1.0,1.0,2.0,50.0,44.0,,106000.0,Departamento,-32.928757,-60.663763,2423.715415019763
1,no,no,80.0,5.0,1.0,4.0,8.0,306.0,280.0,,290000.0,Casa,-34.4328229,-58.5708386,
1,no,no,0.0,2.0,,1.0,3.0,76.0,64.0,10000.0,162500.0,Departamento,-34.6,-58.4151,2305.726957658662
1,no,no,0.0,4.0,,4.0,6.0,650.0,270.0,470000.0,550000.0,Casa,,,
1,no,no,9.0,3.0,1.0,2.0,5.0,650.0,170.0,,440000.0,Casa,,,
1,no,no,0.0,3.0,,2.0,4.0,213.0,111.0,,564000.0,Departamento,-34.5758236,-58.4508765,2520.928118146336
1,no,no,0.0,5.0,2.0,3.0,6.0,360.0,266.0,,560000.0,Casa,-34.16874,-58.95914,423.5668789808917
1,no,no,47.0,3.0,1.0,1.0,4.0,117.0,99.0,503000.0,270000.0,Departamento,-34.58333,-58.4,2747.8644418168014
1,no,no,35.0,3.0,,2.0,4.0,78.0,76.0,,160000.0,Departamento,-34.5204848,-58.4874985,2441.22965641953
1,no,no,0.0,4.0,3.0,4.0,6.0,265.0,226.0,350000.0,450000.0,Casa,41.09079,-4.13117,
1,no,no,40.0,3.0,1.0,3.0,4.0,243.0,185.0,,119000.0,Casa,-34.59987,-58.56606,1318.7065148640102
1,no,no,25.0,2.0,1.0,2.0,3.0,148.0,78.0,,129990.0,PH,-34.7413003,-58.389786,2681.159420289855
1,no,no,40.0,2.0,,1.0,3.0,73.0,48.0,16000.0,109500.0,PH,-34.59542,-58.47156,1550.5870146114048
1,no,no,0.0,2.0,,1.0,3.0,84.0,64.0,127000.0,120000.0,Departamento,-34.0,-64.0,1138.1162201689413
1,no,no,40.0,1.0,1.0,1.0,2.0,171.0,71.0,,45000.0,PH,-32.9728949,-60.6542452,985.248447204969
1,no,no,1.0,2.0,2.0,2.0,3.0,82.0,82.0,100000.0,175000.0,Departamento,-34.4113,-58.70139,
1,no,no,45.0,2.0,1.0,1.0,3.0,51.0,50.0,230000.0,149000.0,Departamento,-34.5627,-58.45829,2492.4016287956847
1,no,no,41.0,,,1.0,1.0,28.0,28.0,55000.0,76900.0,Departamento,-34.58856,-58.43053,3063.6682942073694
1,no,no,19.0,2.0,,1.0,3.0,89.0,53.0,124700.0,149900.0,Departamento,-34.58333,-58.5,1851.1061425615178
1,no,no,0.0,2.0,,1.0,3.0,122.0,98.0,,295300.0,Departamento,-34.54969,-58.48572,1951.9091384752626
1,no,no,16.0,3.0,,2.0,4.0,863.0,263.0,,380000.0,Casa,-34.45761,-58.91385,875.6864947168302
1,no,no,50.0,4.0,3.0,3.0,5.0,499.0,165.0,,280000.0,Casa,-34.6440927,-58.6634721,767.0966384237821
1,no,no,37.0,4.0,3.0,2.0,5.0,500.0,220.0,,190000.0,Casa,,,
1,no,no,15.0,4.0,2.0,3.0,5.0,302.0,200.0,,179000.0,Casa,-34.6269365,-58.682278,1230.4113133783553
1,no,no,20.0,4.0,,4.0,6.0,375.0,372.0,,270000.0,Casa,-34.0,-64.0,1138.1162201689413
1,no,no,0.0,4.0,1.0,3.0,5.0,375.0,225.0,,250000.0,Casa,-34.65582,-58.65836,1296.9881751645623
1,no,no,15.0,4.0,1.0,2.0,8.0,507.0,400.0,,195000.0,Casa,-34.0,-64.0,1138.1162201689413
1,no,no,7.0,4.0,3.0,3.0,5.0,403.0,278.0,,250000.0,Casa,-34.65582,-58.65836,1296.9881751645623
1,no,no,20.0,4.0,2.0,,5.0,487.0,181.0,,250000.0,Casa,-34.0,-64.0,1138.1162201689413
1,no,no,22.0,4.0,4.0,2.0,5.0,480.0,200.0,,250000.0,Casa,-34.6098975,-58.6824447,787.9440181878847
1,no,no,30.0,4.0,1.0,3.0,5.0,374.0,200.0,,250000.0,Casa,-34.65582,-58.65836,1296.9881751645623
1,no,no,30.0,4.0,2.0,3.0,5.0,493.0,141.0,,190000.0,Casa,-34.6442155,-58.6664039,779.7790187746843
1,no,no,15.0,4.0,1.0,1.0,5.0,488.0,200.0,,260000.0,Casa,-34.0,-64.0,1138.1162201689413
1,no,no,30.0,4.0,1.0,3.0,5.0,390.0,270.0,,179000.0,Casa,-34.0,-64.0,1138.1162201689413
1,no,no,45.0,3.0,,2.0,4.0,130.0,90.0,,158000.0,PH,-34.6006225,-58.4743888,1598.0229120473023
1,no,no,45.0,3.0,,2.0,4.0,116.0,108.0,250000.0,320000.0,Departamento,-34.58333,-58.4,2702.7716036205156
1,no,no,0.0,2.0,,1.0,4.0,250.0,115.0,,118000.0,Casa,-32.91568,-60.80995,
1,no,no,45.0,2.0,,1.0,3.0,64.0,64.0,172100.0,175000.0,Departamento,-34.568771,-58.4343555,3318.061143717369
1,no,no,25.0,4.0,1.0,3.0,8.0,335.0,335.0,780000.0,565000.0,Casa,-34.4003895,-58.653931,1715.1162790697674
1,no,no,0.0,1.0,,1.0,2.0,49.0,46.0,120000.0,163000.0,Departamento,-34.56667,-58.48333,2143.1706626960877
1,no,no,0.0,,,1.0,1.0,47.0,41.0,,138377.0,Departamento,-34.5627,-58.45829,2492.4016287956847
1,no,no,50.0,2.0,,1.0,3.0,79.0,78.0,92000.0,148000.0,Departamento,-34.62264,-58.44104,2595.4213753642007
1,no,no,0.0,4.0,,4.0,7.0,880.0,270.0,,,Casa,-34.42603,-58.57962,2249.480496205413
1,no,no,10.0,6.0,,5.0,14.0,295.0,548.0,,530000.0,Casa,-31.4090417,-64.1919977,
1,no,no,0.0,3.0,,3.0,4.0,180.0,142.0,,140000.0,Casa,-31.4583961,-64.1778141,
1,no,no,0.0,4.0,2.0,3.0,7.0,975.0,245.0,300000.0,482000.0,Casa,-34.34905,-58.79308,372.81938665433813
1,no,no,0.0,1.0,1.0,1.0,2.0,45.0,40.0,,85800.0,Departamento,-32.94682,-60.63932,1269.2998476243401
1,no,no,60.0,2.0,1.0,1.0,3.0,103.0,99.0,345000.0,235000.0,Departamento,-34.9314,-57.9489,3891.304347826087
1,no,no,20.0,,2.0,2.0,8.0,1000.0,382.0,,290000.0,Casa,-31.3519096,-64.2659098,326.87651331719127
1,no,no,7.0,2.0,,2.0,3.0,91.0,79.0,,240000.0,Departamento,-34.56066,-58.4713473,2836.7222222222226
1,no,no,9.0,2.0,1.0,1.0,3.0,85.0,70.0,,169000.0,Departamento,-33.10346,-61.32641,
1,no,no,61.0,3.0,,2.0,,108.0,108.0,,110000.0,PH,-31.4293431,-64.1868033,1397.219463753724
1,no,no,2.0,3.0,1.0,2.0,4.0,700.0,180.0,,235000.0,Casa,-34.34905,-58.79308,452.1417309766824
2,no,sí,0.0,2.0,1.0,2.0,4.0,280.0,100.0,150000.0,155000.0,Casa,-34.92145,-57.95453,814.1881159572238
1,no,no,0.0,2.0,,2.0,3.0,68.0,60.0,,165120.0,Departamento,-34.42603,-58.57962,2160.1030972492963
1,no,no,50.0,,1.0,1.0,3.0,250.0,110.0,,135000.0,Casa,-34.6322155,-58.5751767,1545.4454545454546
1,no,no,35.0,4.0,2.0,2.0,5.0,372.0,250.0,,240000.0,Casa,-34.0,-64.0,1138.1162201689413
1,no,no,50.0,4.0,1.0,1.0,5.0,303.0,159.0,,165000.0,Casa,-34.653677,-58.6702695,831.3847975122777
1,no,no,0.0,4.0,,3.0,5.0,400.0,150.0,,145000.0,Casa,,,
1,no,no,,1.0,,1.0,2.0,46.0,37.0,,165321.0,Departamento,-34.5627,-58.45829,2492.4016287956847
1,no,no,0.0,2.0,,1.0,3.0,70.0,65.0,,130000.0,PH,-38.00228,-57.55754,1906.6398022727124
1,no,no,0.0,3.0,1.0,2.0,4.0,500.0,122.0,,150000.0,Casa,-34.84787,-58.52869,1617.3456790123455
1,no,no,20.0,2.0,,1.0,3.0,92.0,88.0,,265000.0,Departamento,-34.5038698,-58.4851721,3361.3861386138615
1,no,no,5.0,2.0,,3.0,4.0,120.0,120.0,,140000.0,Departamento,-38.00228,-57.55754,1975.6874213203312
1,no,no,0.0,3.0,,4.0,4.0,821.0,173.0,,220000.0,Casa,-33.85,-66.38333,425.89768066409596
1,no,no,0.0,,,1.0,1.0,33.0,33.0,,91000.0,Departamento,-34.7994447,-58.3907431,2514.554794520548
1,no,no,24.0,1.0,1.0,1.0,2.0,108.0,53.0,326863.0,240000.0,Departamento,-34.58333,-58.4,2756.4114503638107
1,no,no,80.0,2.0,,2.0,3.0,73.0,69.0,190000.0,149000.0,Departamento,-34.60502,-58.37607,
1,no,no,0.0,3.0,,3.0,4.0,547.0,140.0,,255000.0,Casa,,,
1,no,no,0.0,2.0,1.0,1.0,3.0,88.0,68.0,,,Departamento,-32.94682,-60.63932,1269.2998476243401
1,no,no,0.0,1.0,1.0,1.0,2.0,45.0,40.0,,90000.0,Departamento,-32.85683,-60.71754,493.2432432432432
1,no,no,50.0,4.0,2.0,2.0,6.0,350.0,300.0,,260000.0,Casa,-38.00228,-57.55754,1916.9508621805467
1,no,no,15.0,2.0,1.0,1.0,3.0,53.0,50.0,,30000.0,Departamento,-34.8355707,-58.4735031,
1,no,no,0.0,3.0,2.0,3.0,5.0,1000.0,154.0,350000.0,310000.0,Casa,-32.8482,-60.79272,
1,no,no,0.0,1.0,,1.0,2.0,77.0,69.0,,490000.0,Departamento,-34.6126344,-58.3589134,4422.285810876075
1,no,no,50.0,2.0,,1.0,3.0,94.0,92.0,386000.0,305000.0,Departamento,-34.5827659,-58.399287,2737.0229343309993
1,no,no,,1.0,,1.0,2.0,64.0,56.0,,143000.0,Departamento,-34.6277176,-58.4494527,2205.377700726048
1,no,no,44.0,2.0,,1.0,4.0,83.0,60.0,40000.0,80000.0,Departamento,-32.94682,-60.63932,1269.2998476243401
1,no,no,70.0,4.0,3.0,2.0,8.0,221.0,218.0,,285000.0,Casa,-34.52947,-58.4737,2115.3616610961244
1,no,no,10.0,3.0,1.0,1.0,4.0,120.0,100.0,,130000.0,Departamento,-34.45761,-58.91385,811.3856063429406
1,no,no,50.0,3.0,,2.0,4.0,79.0,72.0,80000.0,120000.0,Departamento,-34.62997,-58.46329,1676.2736056214317
1,no,no,40.0,3.0,,2.0,4.0,92.0,88.0,180000.0,205000.0,Departamento,-34.60001,-58.44735,2225.512578328076
1,no,no,45.0,4.0,1.0,1.0,5.0,280.0,140.0,,145000.0,Casa,-34.6613388,-58.6799347,753.6838338448493
1,no,no,34.0,4.0,2.0,3.0,5.0,279.0,124.0,,165000.0,Casa,-34.0,-64.0,1138.1162201689413
1,no,no,30.0,4.0,1.0,2.0,5.0,280.0,130.0,,165000.0,Casa,-34.0,-64.0,1138.1162201689413
1,no,no,15.0,4.0,,3.0,5.0,284.0,284.0,,150000.0,Casa,-34.664106,-58.6854239,651.3886847572874
1,no,no,0.0,,,1.0,1.0,36.0,32.0,,82400.0,Departamento,-34.6156079,-58.4174215,3636.3636363636365
1,no,no,0.0,3.0,,2.0,4.0,135.0,85.0,,185000.0,Departamento,-34.61082,-58.481,2345.1327433628317
1,no,no,45.0,,,1.0,1.0,28.0,25.0,96000.0,62000.0,Departamento,-34.5941522,-58.4447738,2289.5359662292667
1,no,no,0.0,1.0,1.0,1.0,2.0,65.0,55.0,,205400.0,Departamento,-34.5641258,-58.4590358,2431.8561742502307
1,no,no,,1.0,1.0,1.0,2.0,52.0,52.0,,89100.0,Departamento,-32.9528558,-60.6453824,1252.1046371744128
1,no,no,0.0,,,1.0,1.0,53.0,36.0,,120422.0,Departamento,-34.6073927,-58.4278378,1886.3636363636363
1,no,no,50.0,4.0,1.0,2.0,7.0,250.0,236.0,,129000.0,Casa,-31.3653549,-64.2139749,
1,no,no,0.0,2.0,1.0,1.0,3.0,72.0,72.0,5000.0,250000.0,Departamento,-38.00228,-57.55754,1745.131865764776
1,no,no,0.0,1.0,,1.0,2.0,48.0,40.0,,168000.0,Departamento,-34.5918838,-58.4337134,3008.1127386518137
1,no,no,0.0,1.0,,1.0,2.0,53.0,43.0,,43500.0,Departamento,-31.4278653,-64.192098,1018.5185185185185
1,no,no,30.0,1.0,,1.0,2.0,39.0,38.0,65000.0,78000.0,Departamento,-34.62264,-58.44104,2483.578936989784
1,no,no,40.0,2.0,,1.0,3.0,89.0,89.0,209000.0,199000.0,Departamento,-34.5995733,-58.3998689,2481.9521238350435
1,no,no,20.0,3.0,2.0,2.0,4.0,147.0,147.0,300000.0,265000.0,Casa,,,
1,no,no,0.0,,,1.0,1.0,38.0,38.0,25000.0,38000.0,Departamento,-34.0,-64.0,1138.1162201689413
1,no,no,17.0,3.0,2.0,3.0,5.0,662.0,254.0,,430000.0,Casa,-31.4135,-64.18105,839.5868634682067
1,no,no,50.0,4.0,1.0,2.0,5.0,151.0,151.0,460000.0,355000.0,Departamento,-34.58333,-58.4,2743.5343348376887
1,no,no,49.0,2.0,1.0,1.0,3.0,200.0,125.0,,69000.0,Casa,-31.16667,-64.16667,
1,no,no,23.0,1.0,,1.0,2.0,50.0,50.0,50000.0,117000.0,PH,-34.58856,-58.43053,3063.6682942073694
1,no,no,45.0,2.0,,1.0,3.0,53.0,53.0,112000.0,125000.0,Departamento,-34.57365,-58.44924,2482.339558106268
1,no,no,58.0,4.0,1.0,3.0,5.0,175.0,164.0,416158.0,400000.0,Departamento,-34.589744,-58.3953431,3047.3564849098384
1,no,no,0.0,2.0,,2.0,3.0,93.0,78.0,,269000.0,Departamento,-34.56667,-58.48333,2229.9821614891534
1,no,no,30.0,2.0,,1.0,3.0,64.0,61.0,96000.0,100000.0,Departamento,-34.62264,-58.44104,2626.5131475160997
1,no,no,7.0,2.0,2.0,2.0,3.0,146.0,76.0,140000.0,165000.0,Departamento,-34.45761,-58.91385,806.7052410461368
1,no,no,35.0,3.0,1.0,1.0,4.0,375.0,178.0,,150000.0,Casa,-34.65582,-58.65836,1296.9881751645623
1,no,no,,3.0,2.0,3.0,,502.0,170.0,,160000.0,Casa,-34.0,-64.0,1138.1162201689413
1,no,no,,2.0,10.0,1.0,,400.0,130.0,,150000.0,Casa,-34.0,-64.0,1138.1162201689413
1,no,no,50.0,2.0,3.0,3.0,3.0,500.0,150.0,,150000.0,Casa,-34.65582,-58.65836,1296.9881751645623
1,no,no,,3.0,1.0,2.0,4.0,394.0,250.0,,155000.0,Casa,-34.0,-64.0,1138.1162201689413
1,no,no,50.0,5.0,4.0,3.0,6.0,395.0,300.0,,170000.0,Casa,-34.6514239,-58.6630739,1296.9881751645623
1,no,no,0.0,2.0,1.0,1.0,3.0,350.0,63.0,,159000.0,Casa,,,
1,no,no,1.0,3.0,1.0,2.0,4.0,507.0,1.0,,155000.0,Casa,-34.0,-64.0,1138.1162201689413
1,no,no,15.0,3.0,1.0,1.0,4.0,494.0,120.0,,150000.0,Casa,-34.65582,-58.65836,1296.9881751645623
1,no,no,50.0,3.0,1.0,1.0,4.0,369.0,110.0,,160000.0,Casa,-34.65582,-58.65836,1296.9881751645623
1,no,no,4.0,3.0,2.0,2.0,4.0,395.0,164.0,,170000.0,Casa,-34.6158401,-58.7026038,1069.2946198696256
1,no,no,30.0,3.0,2.0,2.0,4.0,430.0,120.0,,149000.0,Casa,-34.65582,-58.65836,1296.9881751645623
1,no,no,27.0,3.0,1.0,2.0,5.0,356.0,200.0,,165000.0,Casa,-34.6615656,-58.6802046,662.169662760136
1,no,no,50.0,3.0,1.0,1.0,4.0,500.0,150.0,,170000.0,Casa,-34.65582,-58.65836,1296.9881751645623
1,no,no,,2.0,,2.0,3.0,451.0,168.0,,158000.0,Casa,-34.0,-64.0,1138.1162201689413
1,no,no,50.0,2.0,,1.0,3.0,350.0,63.0,,159000.0,Casa,-34.6143283,-58.6787946,843.9560312623025
1,no,no,3.0,2.0,2.0,1.0,5.0,444.0,129.0,,219000.0,Casa,-32.85683,-60.71754,2000.0
1,no,no,0.0,2.0,,2.0,3.0,93.0,67.0,,310000.0,Departamento,-34.5830604,-58.426571,3008.1127386518137
1,no,no,10.0,4.0,2.0,2.0,5.0,433.0,309.0,,230000.0,Casa,-38.00228,-57.55754,1916.9508621805467
1,no,no,0.0,,,1.0,2.0,65.0,58.0,1.0,204600.0,Departamento,-34.5525127,-58.4500207,
1,no,no,0.0,1.0,1.0,1.0,2.0,60.0,48.0,,285000.0,Departamento,-32.86667,-64.75,
1,no,no,0.0,,1.0,3.0,4.0,130.0,130.0,915000.0,585000.0,Departamento,-34.5627,-58.45829,2492.4016287956847
1,no,no,47.0,,,1.0,1.0,34.0,34.0,63000.0,47000.0,Departamento,-34.6,-58.45,2310.10337116695
1,no,no,24.0,3.0,1.0,3.0,4.0,120.0,114.0,,340000.0,Departamento,-34.6438545,-58.5665235,1040.0
1,no,no,0.0,1.0,,1.0,2.0,72.0,62.0,,147600.0,Departamento,-38.00228,-57.55754,1916.9508621805467
1,no,no,45.0,3.0,2.0,2.0,5.0,128.0,108.0,,170000.0,Casa,-34.0,-64.0,1138.1162201689413
1,no,no,0.0,3.0,1.0,3.0,4.0,148.0,140.0,,439999.0,Departamento,-34.6,-58.4151,2212.970477494287
1,no,no,0.0,4.0,1.0,1.0,5.0,150.0,135.0,,140000.0,PH,-37.9748292,-57.5722434,
1,no,no,5.0,1.0,,1.0,1.0,106.0,106.0,,80000.0,Departamento,-34.74471,-58.4041,960.0
1,no,no,40.0,2.0,,3.0,3.0,84.0,78.0,250000.0,232000.0,Departamento,-34.5627,-58.45829,2492.4016287956847
1,no,no,0.0,2.0,,1.0,4.0,500.0,80.0,,170000.0,Casa,-34.84787,-58.52869,1604.0123456790122
1,no,no,0.0,,,,1.0,34.0,30.0,,66000.0,Departamento,-34.59987,-58.56606,592.9742466480818
1,no,no,20.0,1.0,1.0,1.0,2.0,50.0,45.0,,100000.0,Departamento,-34.76088,-58.40632,1948.3310273261848
1,no,no,6.0,1.0,,1.0,2.0,51.0,40.0,50000.0,120000.0,Departamento,-34.5703,-59.105,
1,no,no,56.0,2.0,1.0,1.0,4.0,121.0,105.0,,135000.0,Departamento,-32.967139,-60.6392687,
1,no,no,0.0,,,1.0,1.0,49.0,37.0,,137800.0,Departamento,-34.60064,-58.51231,2355.0091911764707
1,no,no,30.0,2.0,1.0,2.0,3.0,300.0,160.0,,160000.0,Casa,-34.0,-64.0,1138.1162201689413
1,no,no,50.0,2.0,4.0,1.0,3.0,370.0,115.0,,139000.0,Casa,-34.6397535,-58.6817348,459.00530584492844
1,no,no,35.0,2.0,1.0,3.0,4.0,366.0,160.0,,150000.0,Casa,-34.6455642,-58.7124461,1388.888888888889
1,no,no,50.0,2.0,1.0,1.0,3.0,350.0,63.0,,159000.0,Casa,-34.6143283,-58.6787946,843.9560312623025
1,no,no,45.0,2.0,3.0,2.0,,350.0,130.0,,130000.0,Casa,-34.0,-64.0,1138.1162201689413
1,no,no,0.0,2.0,,1.0,3.0,350.0,90.0,,159000.0,Casa,-34.65582,-58.65836,1296.9881751645623
1,no,no,50.0,2.0,1.0,2.0,3.0,400.0,120.0,,140000.0,Casa,-34.65582,-58.65836,1296.9881751645623
1,no,no,5.0,2.0,3.0,2.0,3.0,300.0,110.0,,179000.0,Casa,-34.65582,-58.65836,1296.9881751645623
1,no,no,50.0,2.0,1.0,1.0,3.0,302.0,140.0,,160000.0,Casa,-34.65582,-58.65836,1296.9881751645623
1,no,no,26.0,2.0,1.0,1.0,3.0,410.0,97.0,,160000.0,Casa,-34.65582,-58.65836,1296.9881751645623
1,no,no,39.0,2.0,,1.0,3.0,339.0,169.0,,173000.0,Casa,-34.65582,-58.65836,1296.9881751645623
1,no,no,30.0,2.0,2.0,1.0,3.0,400.0,120.0,,180000.0,Casa,-34.0,-64.0,1138.1162201689413
1,no,no,20.0,2.0,2.0,2.0,3.0,300.0,200.0,,130000.0,Casa,-34.0,-64.0,1138.1162201689413
1,no,no,40.0,2.0,2.0,2.0,3.0,370.0,85.0,,139000.0,Casa,-34.6397535,-58.6817348,459.00530584492844
1,no,no,0.0,2.0,,2.0,3.0,370.0,90.0,,139000.0,Casa,-34.65582,-58.65836,1296.9881751645623
1,no,no,,2.0,2.0,1.0,,300.0,110.0,,135000.0,Casa,-34.0,-64.0,1138.1162201689413
1,no,no,56.0,2.0,3.0,1.0,3.0,332.0,143.0,,130000.0,Casa,,,
1,no,no,8.0,1.0,,1.0,2.0,46.0,46.0,,79800.0,Departamento,-32.9661489,-60.6508347,263.1578947368421
1,no,no,0.0,1.0,,1.0,2.0,55.0,41.0,,222603.0,Departamento,-34.5827335,-58.4017986,2737.0229343309993
1,no,no,0.0,2.0,,2.0,3.0,95.0,83.0,,229680.0,Departamento,-34.0,-64.0,1138.1162201689413
1,no,no,0.0,2.0,1.0,2.0,3.0,99.0,74.0,,295439.0,Departamento,-34.0,-64.0,1138.1162201689413
1,no,no,10.0,2.0,1.0,,3.0,55.0,49.0,170000.0,135000.0,Departamento,-34.62997,-58.46329,1364.4209013636641
1,no,no,0.0,3.0,1.0,2.0,4.0,148.0,120.0,,210000.0,PH,-34.52947,-58.4737,2083.0301214116434
1,no,no,30.0,1.0,,1.0,2.0,41.0,39.0,115000.0,79500.0,Departamento,-38.00228,-57.55754,1898.4516489626076
1,no,no,35.0,4.0,,3.0,5.0,400.0,320.0,,280000.0,Casa,-34.691508,-58.473304,
1,no,no,5.0,4.0,2.0,4.0,5.0,520.0,235.0,109000.0,245000.0,Casa,-34.6484759,-58.7585915,
1,no,no,40.0,1.0,,1.0,2.0,30.0,30.0,130000.0,79500.0,Departamento,-34.58333,-58.4,2713.633672586033
1,no,no,0.0,,,1.0,1.0,53.0,31.0,,81700.0,Departamento,-32.9572163,-60.6394261,1713.4615384615386
1,no,no,60.0,2.0,,2.0,3.0,150.0,115.0,316000.0,195000.0,Departamento,-34.6,-58.4151,2398.855612629422
2,sí,no,15.0,3.0,1.0,2.0,6.0,457.0,205.0,500000.0,420000.0,Casa,-34.41427,-58.65171,1379.362771020624
1,no,no,24.0,3.0,2.0,2.0,5.0,860.0,196.0,486600.0,288000.0,Casa,-34.45761,-58.91385,886.2305675832507
1,no,no,,2.0,72.0,,3.0,76.0,64.0,,213830.0,Departamento,-34.6194197,-58.4063906,1465.5172413793102
1,no,no,40.0,3.0,1.0,2.0,4.0,253.0,134.0,615000.0,479000.0,Departamento,-34.58333,-58.4,2756.4114503638107
1,no,no,44.0,6.0,,3.0,5.0,240.0,221.0,550000.0,270000.0,Departamento,-34.6276833,-58.4592052,1914.2957896591117
1,no,no,0.0,2.0,,2.0,3.0,128.0,76.0,30000.0,274000.0,PH,-34.60064,-58.51231,2522.914165666267
1,no,no,45.0,4.0,3.0,3.0,9.0,216.0,200.0,210000.0,265000.0,Departamento,-32.94682,-60.63932,1269.2998476243401
1,no,no,46.0,2.0,,1.0,4.0,91.0,75.0,,59000.0,PH,-32.9454623,-60.6321202,1251.3279269070204
1,no,no,30.0,1.0,,1.0,2.0,75.0,39.0,,72000.0,Casa,-34.74471,-58.4041,754.7169811320755
1,no,no,0.0,1.0,1.0,1.0,2.0,75.0,62.0,,190000.0,Departamento,-37.9988605,-57.5592926,1916.9508621805467
1,no,no,0.0,3.0,2.0,2.0,4.0,942.0,230.0,,399000.0,Casa,-34.16874,-58.95914,1555.5555555555557
1,no,no,0.0,2.0,,1.0,3.0,100.0,65.0,,130000.0,Casa,-34.5167655,-58.5199008,2724.6376811594205
1,no,no,50.0,2.0,1.0,1.0,3.0,350.0,130.0,,140000.0,Casa,-34.6377618,-58.6844177,382.92712355212353
1,no,no,25.0,3.0,1.0,2.0,3.0,350.0,148.0,,120000.0,Casa,-34.6452625,-58.6864697,526.7456876671894
1,no,no,15.0,3.0,,1.0,4.0,275.0,97.0,,129900.0,Casa,-34.0,-64.0,1138.1162201689413
1,no,no,40.0,2.0,5.0,1.0,3.0,372.0,63.0,,139900.0,Casa,-34.65582,-58.65836,1296.9881751645623
1,no,no,30.0,2.0,3.0,1.0,3.0,309.0,80.0,,140000.0,Casa,-34.6098975,-58.6824447,794.7199081555223
1,no,no,0.0,2.0,1.0,2.0,3.0,320.0,90.0,,140000.0,Casa,-34.6336567,-58.6841038,661.3133166278863
1,no,no,45.0,2.0,,1.0,3.0,400.0,134.0,,125000.0,Casa,-34.0,-64.0,1138.1162201689413
1,no,no,50.0,2.0,1.0,1.0,3.0,374.0,100.0,,140000.0,Casa,-34.6489224,-58.670955,823.4521986662348
1,no,no,0.0,3.0,,2.0,4.0,300.0,130.0,,120000.0,Casa,-34.6201872,-58.7039955,1046.5774136610028
1,no,no,11.0,4.0,2.0,4.0,6.0,300.0,240.0,,129000.0,Casa,-34.6348568,-58.6719286,1105.118546618502
1,no,no,60.0,2.0,2.0,1.0,3.0,330.0,120.0,,119000.0,Casa,-34.6437107,-58.6693045,709.763066649061
1,no,no,,2.0,1.0,1.0,3.0,300.0,103.0,,130000.0,Casa,,,
1,no,no,15.0,7.0,1.0,2.0,4.0,300.0,150.0,,129000.0,Casa,-34.65582,-58.65836,1296.9881751645623
1,no,no,25.0,3.0,,2.0,5.0,300.0,150.0,,140000.0,Casa,-34.6235114,-58.7078283,973.6063824608686
1,no,no,30.0,3.0,2.0,1.0,4.0,330.0,150.0,,130000.0,Casa,-34.0,-64.0,1138.1162201689413
1,no,no,,3.0,2.0,2.0,,330.0,90.0,,140000.0,Casa,-34.0,-64.0,1138.1162201689413
1,no,no,4.0,,2.0,1.0,2.0,280.0,90.0,,128000.0,Casa,-34.65582,-58.65836,1296.9881751645623
1,no,no,73.0,3.0,2.0,1.0,4.0,350.0,136.0,,120000.0,Casa,-34.65582,-58.65836,1296.9881751645623
